,Cluster_label,Venue_name,Venue_lat,Venue_lng,Distance,Beach,Ethiopian_restaurant,Indian_restaurant,Italian_restaurant,Lake,Mexican_restaurant,Scenic_lookout,Waterfall
181,1,Matador,37.78889842465854,-122.41157012980247,115,0,0,0,0,0,1,0,0
137,1,L'ottavo Ristorante,37.78895006362137,-122.41175317877553,131,0,0,0,1,0,0,0,0
39,1,Colibrí Mexican Bistro,37.78710894778109,-122.41053335755987,132,0,0,0,0,0,1,0,0
82,1,Fino Restaurant,37.78792121397233,-122.41226661901916,161,0,0,0,1,0,0,0,0
163,1,Tacorea,37.78976228934146,-122.41079181432723,164,0,0,0,0,0,1,0,0
77,1,Scala's Bistro,37.78884871255861,-122.40839526057243,194,0,0,0,1,0,0,0,0
87,1,Uncle Vito's Pizza,37.790114981409864,-122.40888126846332,247,0,0,0,1,0,0,0,0
109,1,Chipotle Mexican Grill,37.7864817,-122.4086095,261,0,0,0,0,0,1,0,0
117,1,Kinara,37.787816,-122.413663,283,0,0,1,0,0,0,0,0
174,1,Shalimar,37.786208278007535,-122.41296143224372,317,0,0,1,0,0,0,0,0
181,1,Taj Campton Place,37.78899540606265,-122.40687447184708,328,0,0,1,0,0,0,0,0
33,1,Red Chilli,37.786140937717754,-122.41306483059412,329,0,0,1,0,0,0,0,0
6,1,Gusto Pinsa Romana,37.7895944763817,-122.41387265343073,329,0,0,0,1,0,0,0,0
81,1,Chutney Restaurant,37.78601675531255,-122.41300293184871,336,0,0,1,0,0,0,0,0
155,1,Campton Place Bistro,37.789127,-122.40677,340,0,0,1,0,0,0,0,0
17,1,Campton Place Restaurant,37.789043470877886,-122.40673715177148,341,0,0,1,0,0,0,0,0
100,1,New Delhi,37.78546986409845,-122.40894377231596,343,0,0,1,0,0,0,0,0
129,1,Chaat Corner,37.78553241641801,-122.40876655972792,343,0,0,1,0,0,0,0,0
44,1,Pakwan Indian Restaurant,37.78575156754699,-122.41294508770703,356,0,0,1,0,0,0,0,0
161,1,Puccini & Pinetti,37.78530029284506,-122.40862191513929,372,0,0,0,1,0,0,0,0
12,1,Chisme,37.78846715609786,-122.41480239709736,378,0,0,0,0,0,1,0,0
52,1,Punjab Kabab House,37.78441036898616,-122.40938403900311,443,0,0,1,0,0,0,0,0
126,1,Tikka Masala,37.78485149731695,-122.41318889402532,450,0,0,1,0,0,0,0,0
5,1,Little Delhi,37.78439137559411,-122.40910207123527,452,0,0,1,0,0,0,0,0
90,1,Newa,37.78469402137638,-122.41295099258423,455,0,0,1,0,0,0,0,0
187,1,El Tesoro Taqueria & Grill,37.7855435872254,-122.41461021407221,474,0,0,0,0,0,1,0,0
10,1,Lahore Karahi,37.785546233744164,-122.41502240207195,502,0,0,1,0,0,0,0,0
2,1,Tadu Ethiopian Kitchen,37.78471802269632,-122.41414449766289,511,0,1,0,0,0,0,0,0
84,1,Nob Hill Cafe,37.793009,-122.412597,555,0,0,0,1,0,0,0,0
0,1,Amber,37.785967464712556,-122.40456727431445,582,0,0,1,0,0,0,0,0
106,1,One Kearny Rooftop,37.78768,-122.403878,586,0,0,0,0,0,0,1,0
59,1,Nob Hill Cafe,37.793296000000005,-122.41263700000002,587,0,0,0,1,0,0,0,0
134,1,Chipotle Mexican Grill,37.7896709,-122.4039997,591,0,0,0,0,0,1,0,0
216,1,Cocosueño,37.784219,-122.406176,592,0,0,0,0,0,1,0,0
48,1,Delarosa,37.785604844080346,-122.40452877546312,604,0,0,0,1,0,0,0,0
167,1,Sushirrito,37.790227277138705,-122.40389696995778,619,0,0,0,0,0,1,0,0
179,1,Pachino Pizzeria,37.791135483103275,-122.40406719533122,647,0,0,0,1,0,0,0,0
4,1,Tropisueño,37.7853583,-122.40405,655,0,0,0,0,0,1,0,0
189,1,Dosa Allee,37.782197918901005,-122.41055640583181,679,0,0,1,0,0,0,0,0
63,1,54 Mint,37.782519074590496,-122.40803182125092,679,0,0,0,1,0,0,0,0
11,1,Venticello,37.794303393322515,-122.41311910028968,706,0,0,0,1,0,0,0,0
26,1,Crocker Galleria Roof Terrace,37.78914610393464,-122.40244687451936,714,0,0,0,0,0,0,1,0
34,1,Taqueria Cancun,37.78187463362188,-122.41032242774963,715,0,0,0,0,0,1,0,0
25,1,Montesacro,37.78171949169427,-122.40987542855284,734,0,0,0,1,0,0,0,0
127,1,Chipotle Mexican Grill,37.78430291464379,-122.40361731532687,751,0,0,0,0,0,1,0,0
172,1,100 Montgomery,37.790118607033016,-122.4020983473183,766,0,0,0,0,0,0,1,0
2,1,Yerba Buena Gardens,37.784809,-122.402549,800,0,0,0,0,0,0,0,1
58,1,City View at Metreon,37.78437337616783,-122.40284915341124,802,0,0,0,0,0,0,1,0
182,1,Sushirrito,37.788117,-122.401082,828,0,0,0,0,0,1,0,0
77,1,El Super Burrito,37.787846679584625,-122.4200723192896,843,0,0,0,0,0,1,0,0
31,1,Per Diem,37.790094666099144,-122.40117435254724,844,0,0,0,1,0,0,0,0
108,1,Credo,37.791984209198,-122.40197456287206,854,0,0,0,1,0,0,0,0
201,1,Hotel San Francisco,37.794044895197615,-122.40397208055491,859,0,0,0,0,0,1,0,0
55,1,Uno Dos Tacos,37.789032,-122.400707,865,0,0,0,0,0,1,0,0
93,1,Alto Vino,37.796200773697265,-122.41166929301524,885,0,0,0,1,0,0,0,0
76,1,Kasa Indian Eatery,37.789655321503055,-122.4204494247867,888,0,0,1,0,0,0,0,0
154,1,Señor Sisig,37.79202743496446,-122.40146627957604,896,0,0,0,0,0,1,0,0
120,1,Darbar Restaurant,37.78981875679899,-122.42052674969527,898,0,0,1,0,0,0,0,0
78,1,Mangia Tutti Ristorante,37.79456543441395,-122.40387375301671,908,0,0,0,1,0,0,0,0
51,1,Shalimar,37.78979450033773,-122.42067926000165,910,0,0,1,0,0,0,0,0
26,1,Curry Up Now,37.791096032820676,-122.4006365465478,921,0,0,1,0,0,0,0,0
136,1,Dabba,37.78924424598188,-122.40008316772648,922,0,0,1,0,0,0,0,0
218,1,The Little Chihuahua,37.790021,-122.420781,924,0,0,0,0,0,1,0,0
271,1,Hilton,37.7952284,-122.4040729,956,0,0,0,1,0,0,0,0
152,1,Panzón,37.78988541187947,-122.39962695001877,972,0,0,0,0,0,1,0,0
233,1,North India,37.78768577079787,-122.3992878880814,988,0,0,1,0,0,0,0,0
144,1,Sky Deck & Spirits in the Sky,37.79253978836316,-122.40048581096002,999,0,0,0,0,0,0,1,0
43,1,Tlaloc Sabor Mexicano,37.794299,-122.40186,1011,0,0,0,0,0,1,0,0
25,1,Raavi,37.796135815843115,-122.40458250045775,1015,0,0,1,0,0,0,0,0
79,1,Broadway Jones Overlook,37.796897,-122.414488,1019,0,0,0,0,0,0,1,0
94,1,Jersey,37.787488,-122.398951,1020,0,0,0,1,0,0,0,0
60,1,Caffè Macaroni,37.79622898232179,-122.40435531759682,1035,0,0,0,1,0,0,0,0
177,1,Kells Irish Restaurant & Bar,37.79642703413752,-122.40431614281337,1055,1,0,0,0,0,0,0,0
34,1,Zero Zero,37.781633232081795,-122.40174301548008,1069,0,0,0,1,0,0,0,0
99,1,1760,37.793206351545,-122.42121062069958,1089,0,0,0,1,0,0,0,0
9,1,Ristorante Milano,37.795428170023136,-122.41906491710779,1094,0,0,0,1,0,0,0,0
30,1,Mela Tandoori Kitchen,37.78117844186307,-122.41950447593972,1120,0,0,1,0,0,0,0,0
42,1,È Tutto Qua!,37.79789622978321,-122.40630879449078,1130,0,0,0,1,0,0,0,0
110,1,Vallejo Street Garage,37.798486810991726,-122.40975956234908,1135,0,0,0,0,0,0,1,0
174,1,Southside Spirit House,37.78722038033328,-122.39763905462681,1137,1,0,0,0,0,0,0,0
95,1,Urban Curry,37.79790489621876,-122.40597633349408,1140,0,0,1,0,0,0,0,0
39,1,Barbacco,37.79321106834001,-122.399090115992,1142,0,0,0,1,0,0,0,0
3,1,Perbacco,37.79328790074778,-122.39913383967941,1143,0,0,0,1,0,0,0,0
107,1,The Stinking Rose,37.79829369624773,-122.40743841573936,1144,0,0,0,1,0,0,0,0
10,1,Franchino,37.798392,-122.407672,1150,0,0,0,1,0,0,0,0
41,1,Bix,37.79676889447939,-122.4029572795956,1152,0,0,0,1,0,0,0,0
56,1,Tommaso's,37.797806,-122.405316,1152,0,0,0,1,0,0,0,0
72,1,15 Romolo,37.79813384627597,-122.40637986504598,1153,1,0,0,0,0,0,0,0
56,1,Chaat Corner,37.783474,-122.398815,1159,0,0,1,0,0,0,0,0
101,1,Mona Lisa Restaurant,37.79854126651147,-122.40767274554639,1166,0,0,0,1,0,0,0,0
43,1,Capo's,37.79864419203599,-122.40836235276521,1166,0,0,0,1,0,0,0,0
102,1,Cantina Verde,37.79228805337504,-122.39819250368542,1170,0,0,0,0,0,1,0,0
1,1,Cotogna,37.797345664268256,-122.40362430843288,1174,0,0,0,1,0,0,0,0
117,1,North Beach,37.79855296729771,-122.40731847728442,1175,1,0,0,0,0,0,0,0
35,1,Firenze by Night Ristorante,37.79898216183705,-122.4088862369583,1197,0,0,0,1,0,0,0,0
76,1,Caffé Greco,37.799034844291626,-122.4083890485705,1209,1,0,0,0,0,0,0,0
50,1,Pazzia Caffe & Trattoria,37.78326936780271,-122.39831963071339,1209,0,0,0,1,0,0,0,0
2,1,August 1 Five,37.78053745589946,-122.4201880772763,1213,0,0,1,0,0,0,0,0
44,1,Calzone's Pizza Cucina,37.799048,-122.408195,1213,0,0,0,1,0,0,0,0
100,1,Ristorante Ideale,37.79898110801195,-122.40728764391321,1222,0,0,0,1,0,0,0,0
49,1,Stella Pastry and Cafe,37.799143,-122.408319,1222,0,0,0,1,0,0,0,0
145,1,Cavalli Cafe,37.799315339592624,-122.40886084771921,1234,0,0,0,1,0,0,0,0
47,1,Peter Macchiarini Steps,37.798813592765626,-122.4057012610922,1244,0,0,0,0,0,0,1,0
135,1,Chipotle Mexican Grill,37.7889155,-122.3960781,1270,0,0,0,0,0,1,0,0
18,1,Sotto Mare Oysteria and Seafood Restaurant,37.799624753044924,-122.40835693948438,1274,0,0,0,1,0,0,0,0
62,1,Sotto Mare Oysteria and Seafood Restaurant,37.799624753044924,-122.40835693948438,1274,1,0,0,0,0,0,0,0
274,1,North Beach Restaurant,37.7997019714241,-122.40909714883031,1275,0,0,0,1,0,0,0,0
15,1,Massawa Restaurant,37.79967230959877,-122.40802781367383,1284,0,1,0,0,0,0,0,0
15,1,Ananda Fuara,37.77769251469199,-122.41635331222618,1288,0,0,1,0,0,0,0,0
22,1,Baonecci Ristorante,37.79969698045158,-122.4077831292636,1291,0,0,0,1,0,0,0,0
51,1,Sodini's,37.7997396670777,-122.40767816311671,1297,0,0,0,1,0,0,0,0
74,1,Seven Hills,37.798175,-122.4187,1314,0,0,0,1,0,0,0,0
62,1,Il Pollaio,37.80012207102598,-122.40983681633708,1317,0,0,0,1,0,0,0,0
273,1,Trattoria Contadina,37.80007798490103,-122.41242184056667,1321,0,0,0,1,0,0,0,0
80,1,Nick's Crispy Tacos,37.7960952576771,-122.42192617265991,1327,0,0,0,0,0,1,0,0
17,1,Vallejo Street Steps,37.799172725859854,-122.40412419910872,1333,0,0,0,0,0,0,1,0
23,1,Frascati,37.798278956210886,-122.41897443410139,1337,0,0,0,1,0,0,0,0
264,1,Original Joe's,37.800345242220565,-122.40931025175796,1344,0,0,0,1,0,0,0,0
36,1,Mario's Bohemian Cigar Store Cafe,37.80039147558531,-122.40987625707314,1347,0,0,0,1,0,0,0,0
171,1,Tony’s Pizza Napoletana,37.80038714317991,-122.40914575479546,1350,1,0,0,0,0,0,0,0
21,1,Tony’s Pizza Napoletana,37.80038714317991,-122.40914575479546,1350,0,0,0,1,0,0,0,0
194,1,Cadillac Bar & Grill,37.77684936528771,-122.41555464971317,1350,0,0,0,0,0,1,0,0
104,1,Rocco's Cafe,37.776105537222264,-122.40853577944672,1368,0,0,0,1,0,0,0,0
72,1,Orale Orale Mexican Restaurant,37.794487,-122.396838,1385,0,0,0,0,0,1,0,0
53,1,Amarena,37.798003807051685,-122.42048005662232,1391,0,0,0,1,0,0,0,0
25,1,Don Pisto's,37.800647273904026,-122.40794639602059,1392,0,0,0,0,0,1,0,0
25,1,Momma’s Kitchen,37.776044,-122.414083,1400,0,1,0,0,0,0,0,0
5,1,Moya,37.77590033497213,-122.41425577416493,1419,0,1,0,0,0,0,0,0
4,1,Montgomery & Green,37.80017577512871,-122.40428237095915,1430,0,0,0,0,0,0,1,0
186,1,El Capitan Taqueria,37.775249,-122.410077,1453,0,0,0,0,0,1,0,0
1,1,Garaje,37.78174497823888,-122.396150865862,1458,0,0,0,0,0,1,0,0
192,1,Ruchis Restaurant,37.78163019309276,-122.39622985543353,1458,0,0,1,0,0,0,0,0
105,1,Piccolo Forno,37.801422983750044,-122.41191896537636,1466,0,0,0,1,0,0,0,0
116,1,Liguria Bakery,37.80145279035106,-122.40937529897172,1467,0,0,0,1,0,0,0,0
4,1,The Italian Homemade Company,37.80149747181165,-122.41179456578453,1473,0,0,0,1,0,0,0,0
81,1,Mestiza,37.77960168435144,-122.3978382606396,1475,0,0,0,0,0,1,0,0
228,1,La Briciola,37.78151648840107,-122.39598957385486,1483,0,0,0,1,0,0,0,0
16,1,Embarcadero Center Walkway,37.7950241332574,-122.39560822440582,1508,0,0,0,0,0,0,0,1
97,1,Mezcalito,37.798168097057925,-122.42228617129722,1510,0,0,0,0,0,1,0,0
101,1,El Norteño Taco Truck,37.775874798146866,-122.40286574778685,1537,0,0,0,0,0,1,0,0
23,1,Lafayette Park,37.791246594951375,-122.42808063995858,1580,0,0,0,0,0,0,1,0
57,1,The Clocktower Building,37.78377397892649,-122.39344630652968,1582,0,0,0,0,0,0,1,0
108,1,Rosa Mexicano,37.79323715729572,-122.3934736734981,1595,0,0,0,0,0,1,0,0
1,1,Embarcadero Public Promenade,37.796621918043336,-122.395442269084,1616,0,0,0,0,0,0,1,0
8,1,Cala,37.77606310699734,-122.42038628873841,1616,0,0,0,0,0,1,0,0
33,1,Coit Tower,37.802398123661035,-122.40583930386968,1622,0,0,0,0,0,0,1,0
126,1,Tacos Cala,37.775847,-122.420292,1632,0,0,0,0,0,1,0,0
114,1,Mexico au Parc,37.78214690472515,-122.39354427808826,1641,0,0,0,0,0,1,0,0
125,1,Americano Restaurant & Bar,37.793703533487566,-122.3928977891782,1661,0,0,0,1,0,0,0,0
6,1,Curry Leaf Restaurant,37.80318251864479,-122.41441273064468,1692,0,0,1,0,0,0,0,0
172,1,21st Amendment Brewery & Restaurant,37.78234640506517,-122.39258776252451,1709,1,0,0,0,0,0,0,0
29,1,Lombard Street,37.802118215911136,-122.41902189526232,1711,0,0,0,0,0,0,1,0
32,1,Papito Hayes,37.776712974906005,-122.42345869766629,1721,0,0,0,0,0,1,0,0
5,1,a Mano,37.776916945347146,-122.42385625239876,1728,0,0,0,1,0,0,0,0
148,1,Cafe Capriccio,37.80382372230624,-122.41322481588632,1744,1,0,0,0,0,0,0,0
8,1,ROOH,37.78130761598392,-122.3926918659228,1749,0,0,1,0,0,0,0,0
85,1,Don Ramon's Mexican Restaurant,37.77288193471178,-122.41507123010172,1762,0,0,0,0,0,1,0,0
46,1,Embarcadero St & Howard St,37.79265952005808,-122.39097080519072,1785,0,0,0,0,0,0,1,0
18,1,Primavera,37.79550267269564,-122.39226140817746,1793,0,0,0,0,0,1,0,0
91,1,The Italian Homemade Company,37.774375956940816,-122.42088669614189,1799,0,0,0,1,0,0,0,0
55,1,Fior D'Italia,37.80436147072804,-122.41344307205846,1806,0,0,0,1,0,0,0,0
156,1,Kennedy’s Curry,37.804123,-122.415233,1809,0,0,1,0,0,0,0,0
28,1,Pier 14,37.79374887658869,-122.3910886143392,1812,0,0,0,0,0,0,1,0
43,1,Rincon Park,37.79114136918512,-122.39018134976637,1815,0,0,0,0,0,0,1,0
141,1,The Creamery,37.77737244366497,-122.39514999003865,1817,1,0,0,0,0,0,0,0
153,1,Sweetie's Art Bar,37.80468840577923,-122.41296128912155,1837,1,0,0,0,0,0,0,0
34,1,Cupid's Span,37.79154065815569,-122.39001274108887,1838,0,0,0,0,0,0,1,0
52,1,Cilantro SF,37.804666844326974,-122.41344076882868,1840,0,0,0,0,0,1,0,0
41,1,Taqueria Cazadores,37.772714728553126,-122.41879585209975,1882,0,0,0,0,0,1,0,0
20,1,Spice of America,37.773279925031815,-122.42136508226395,1925,0,0,1,0,0,0,0,0
31,1,Pier 7,37.80006187146774,-122.39442793827594,1926,0,0,0,0,0,0,1,0
142,1,Naan N Curry,37.77846864203803,-122.39227035900507,1941,0,0,1,0,0,0,0,0
100,1,Top of the Larkin Street Stairs,37.80350744703899,-122.42164649034832,1956,0,0,0,0,0,0,1,0
157,1,Zaika Indian Cuisine,37.778483,-122.392036,1957,0,0,1,0,0,0,0,0
153,1,Publico Urban Taqueria,37.77088226440287,-122.40740639588299,1957,0,0,0,0,0,1,0,0
12,1,Capannina,37.79788782430998,-122.42917971149578,1959,0,0,0,1,0,0,0,0
76,1,Pier 24,37.78939347293482,-122.38823955602722,1962,0,0,0,0,0,0,1,0
152,1,South Beach Marina Pool,37.78195322437456,-122.3895306315394,1975,1,0,0,0,0,0,0,0
166,1,South Beach Marina Apartments,37.78239522452592,-122.3892519486836,1981,1,0,0,0,0,0,0,0
1,1,Dosa,37.785312982088094,-122.43285890464635,1994,0,0,1,0,0,0,0,0
16,1,Royal Indian Cuisine,37.78582179936749,-122.43313389181502,2010,0,0,1,0,0,0,0,0
76,1,Death By Taco,37.77582038886468,-122.39358418270868,2035,0,0,0,0,0,1,0,0
13,1,SPQR,37.78728690606852,-122.43360621510921,2035,0,0,0,1,0,0,0,0
111,1,Florio,37.78749587366603,-122.43362202570236,2036,0,0,0,1,0,0,0,0
61,1,Brannan Street Wharf,37.78439626788962,-122.38780250919531,2043,0,0,0,0,0,0,1,0
9,1,Sheba Piano Lounge,37.783106603329,-122.43282296527993,2047,0,1,0,0,0,0,0,0
147,1,South Beach Cafe,37.781628,-122.38861,2064,0,0,0,1,0,0,0,0
155,1,Pier 38,37.78268825237509,-122.3881178469651,2065,0,0,0,0,0,0,1,0
121,1,Tacobar,37.788702,-122.433968,2065,0,0,0,0,0,1,0,0
17,1,The Italian Homemade Company,37.79762809814768,-122.4309938003278,2080,0,0,0,1,0,0,0,0
66,1,Pizzeria Delfina,37.7889177627653,-122.43430656653575,2095,0,0,0,1,0,0,0,0
158,1,Dbc Restaurant,37.77974,-122.432106,2126,0,0,1,0,0,0,0,0
208,1,The Blue Light,37.797538855486714,-122.43183615647177,2140,0,0,0,0,0,1,0,0
98,1,Berry Sand Volleyball Court,37.771692,-122.397977,2152,1,0,0,0,0,0,0,0
3,1,The Bay Lights,37.79070705517322,-122.3861658090027,2157,0,0,0,0,0,0,1,0
232,1,Chennai kings,37.807291601841484,-122.41598382497662,2168,0,0,1,0,0,0,0,0
16,1,Jackson Fillmore,37.79259770938566,-122.43457540756175,2171,0,0,0,1,0,0,0,0
133,1,El Tonayense Taco Truck,37.76890454450739,-122.41361282156704,2176,0,0,0,0,0,1,0,0
65,1,La Canasta,37.79771034923436,-122.43224708902292,2181,0,0,0,0,0,1,0,0
7,1,Flores,37.7976161048577,-122.43258059024868,2201,0,0,0,0,0,1,0,0
162,1,South Beach Yacht Club,37.77992121386115,-122.38774326797153,2208,1,0,0,0,0,0,0,0
76,1,Pink Onion,37.76868691379725,-122.41478608619899,2215,0,0,0,1,0,0,0,0
272,1,Lou's Fish Shack,37.80793794184086,-122.41773128455911,2276,0,0,0,1,0,0,0,0
173,1,The Pub at Ghirardelli Square,37.80634592585518,-122.42275001733996,2279,1,0,0,0,0,0,0,0
136,1,Cioppino's,37.80783523898946,-122.41920093457993,2305,0,0,0,1,0,0,0,0
0,1,Tadu Ethiopian Kitchen,37.77394977617469,-122.39154316347648,2309,0,1,0,0,0,0,0,0
14,1,Aquatic Park,37.80671490887718,-122.42289324933841,2321,1,0,0,0,0,0,0,0
161,1,The Chowder Hut,37.80880771718759,-122.41563030758492,2327,1,0,0,0,0,0,0,0
26,1,Shoulder dancing authentic Ethiopian foods,37.7706977768871,-122.4250316619873,2339,0,1,0,0,0,0,0,0
99,1,757 Beach,37.806841418144046,-122.42331437843707,2351,1,0,0,0,0,0,0,0
136,1,Los Yaquis,37.767939995903745,-122.4178143813895,2356,0,0,0,0,0,1,0,0
9,1,Hyde Beach,37.80733425573182,-122.42254257202148,2368,1,0,0,0,0,0,0,0
52,1,Scoma's Restaurant,37.808956285215075,-122.41823491475608,2397,0,0,0,1,0,0,0,0
131,1,Swiss Louis,37.810184493448745,-122.41076485542048,2436,0,0,0,1,0,0,0,0
45,1,Tacko,37.79830032084006,-122.43588941524072,2495,0,0,0,0,0,1,0,0
0,1,View of Alcatraz,37.8110018095408,-122.41075076252426,2527,0,0,0,0,0,0,1,0
53,1,Fort Mason Great Meadow,37.80498194040014,-122.43005487797149,2531,0,0,0,0,0,0,1,0
123,1,Bubba Gump Shrimp Co.,37.8110504,-122.4104181,2532,1,0,0,0,0,0,0,0
24,1,Rose's Cafe,37.79703400320167,-122.43711629328334,2535,0,0,0,1,0,0,0,0
141,1,Indian Oven,37.771690413252195,-122.43040063165296,2546,0,0,1,0,0,0,0,0
49,1,Dos Piñas,37.76628654198025,-122.40263763540501,2546,0,0,0,0,0,1,0,0
28,1,Terzo,37.79709262453753,-122.43723592097093,2547,0,0,0,1,0,0,0,0
159,1,Naan N Curry,37.799634,-122.436185,2587,0,0,1,0,0,0,0,0
46,1,Uva Enoteca,37.77201109794026,-122.4315560597662,2592,0,0,0,1,0,0,0,0
148,1,El Burrito Express,37.786365321623215,-122.4401081584142,2613,0,0,0,0,0,1,0,0
100,1,Sunset state beach,37.804084525970694,-122.43278298882494,2632,1,0,0,0,0,0,0,0
36,1,Poc-Chuc Restaurant,37.76521421605597,-122.4172427395261,2637,0,0,0,0,0,1,0,0
157,1,San Francisco Point of Embarkation,37.807321,-122.429529,2699,0,0,0,0,0,0,1,0
117,1,Che Fico Alimentari,37.777446999999995,-122.43798600000001,2703,0,0,0,1,0,0,0,0
47,1,Che Fico,37.77743530258914,-122.43814920428349,2716,0,0,0,1,0,0,0,0
12,1,Saffron Grill,37.77684808492807,-122.43781643978348,2720,0,0,1,0,0,0,0,0
158,1,El Rancho Grande,37.777564743806714,-122.43833204090755,2724,0,0,0,0,0,1,0,0
12,1,Oasis Cafe,37.77779127675806,-122.43846977980236,2724,0,1,0,0,0,0,0,0
33,1,Little Star Pizza,37.77748853090511,-122.43828074763262,2724,0,0,0,1,0,0,0,0
221,1,StreetTaco,37.766727,-122.395775,2728,0,0,0,0,0,1,0,0
16,1,El Castillito,37.7687639,-122.4293081,2732,0,0,0,0,0,1,0,0
84,1,Taqueria Los Coyotes,37.764967648133116,-122.42046485547546,2741,0,0,0,0,0,1,0,0
21,1,Axum Cafe,37.77177928516959,-122.43376692744971,2751,0,1,0,0,0,0,0,0
41,1,Aquatic Point,37.810496182905986,-122.42446721131131,2759,0,0,0,0,0,0,1,0
89,1,Rite Spot Cafe,37.76373464953866,-122.41507714587058,2764,0,0,0,1,0,0,0,0
10,1,Pancho Villa Taqueria,37.76489031730813,-122.42108881473541,2767,0,0,0,0,0,1,0,0
198,1,Casa Mexicana,37.768059321531446,-122.42908136675439,2783,0,0,0,0,0,1,0,0
70,1,Municipal Pier,37.810491241769874,-122.42514962985862,2786,0,0,0,0,0,0,1,0
79,1,Al Hamra,37.7647277,-122.421325,2791,0,0,1,0,0,0,0,0
86,1,Broadway & Divisadero,37.793342965241536,-122.44165983824956,2798,0,0,0,0,0,0,1,0
263,1,Nopa,37.774888,-122.437532,2808,0,0,0,1,0,0,0,0
170,1,Taqueria La Cumbre,37.76461967479461,-122.42179850202204,2817,0,0,0,0,0,1,0,0
17,1,Club Waziema,37.774681070094324,-122.4378144871454,2841,0,1,0,0,0,0,0,0
32,1,Delarosa,37.800287000000004,-122.43911022453688,2848,0,0,0,1,0,0,0,0
121,1,Pakwan,37.76489902919094,-122.42368140944069,2851,0,0,1,0,0,0,0,0
190,1,El Castillito,37.76361134545042,-122.41956953571481,2861,0,0,0,0,0,1,0,0
20,1,Locanda,37.764088189921914,-122.4217689545019,2871,0,0,0,1,0,0,0,0
40,1,il Casaro Pizzeria & Mozzarella Bar,37.766919,-122.42876,2871,0,0,0,1,0,0,0,0
27,1,wazima,37.77455598550745,-122.43817264259224,2875,0,1,0,0,0,0,0,0
9,1,Puerto Alegre,37.764076206727324,-122.4219073400287,2877,0,0,0,0,0,1,0,0
20,1,West of Pecos,37.764044560983926,-122.42194858530897,2881,0,0,0,0,0,1,0,0
92,1,Mozzeria,37.764801195394206,-122.42482076758033,2903,0,0,0,1,0,0,0,0
40,1,The Little Chihuahua,37.76369039294667,-122.42173514018708,2912,0,0,0,0,0,1,0,0
21,1,La Oaxaqueña Bakery & Restaurant,37.76296775573788,-122.41955815011012,2930,0,0,0,0,0,1,0,0
127,1,Anza Vista,37.77972063024766,-122.44206540753626,2936,0,0,0,0,0,0,1,0
119,1,Tacolicious,37.800330611171766,-122.44037875299355,2949,0,0,0,0,0,1,0,0
30,1,The Little Chihuahua,37.77203349168377,-122.43700236082077,2952,0,0,0,0,0,1,0,0
68,1,El Toro Taqueria,37.76333630778487,-122.4219010406445,2954,0,0,0,0,0,1,0,0
118,1,Maybeck's,37.799400251508956,-122.4410568218677,2958,0,0,0,1,0,0,0,0
3,1,Indian Paradox,37.77158,-122.436919,2977,0,0,1,0,0,0,0,0
133,1,Roma Antica,37.79987631457104,-122.44106220997331,2981,0,0,0,1,0,0,0,0
38,1,Viva Goa Indian Cuisine,37.799201152639725,-122.44145295062091,2981,0,0,1,0,0,0,0,0
153,1,Naan N Curry,37.762518,-122.41971,2982,0,0,1,0,0,0,0,0
0,1,Nopalito,37.77354423993796,-122.43917940929911,3010,0,0,0,0,0,1,0,0
24,1,Green Chile Kitchen,37.77736323565456,-122.44188173193396,3017,0,0,0,0,0,1,0,0
21,1,Curry Up Now,37.762319653793774,-122.42162745926812,3053,0,0,1,0,0,0,0,0
0,1,A16,37.80006754697879,-122.44205612395275,3069,0,0,0,1,0,0,0,0
2,1,Gracias Madre,37.761484,-122.419144,3080,0,0,0,0,0,1,0,0
160,1,"AmberDhara, Valencia",37.761986,-122.42191499999998,3096,0,0,1,0,0,0,0,0
11,1,Papito,37.76234647817989,-122.39740928735495,3110,0,0,0,0,0,1,0,0
42,1,Taqueria el Buen Sabor,37.76176187868646,-122.42157018792683,3110,0,0,0,0,0,1,0,0
61,1,flour+water pizzeria,37.76163292236174,-122.42157299524791,3124,0,0,0,1,0,0,0,0
37,1,Tara Indian Cuisine,37.76545904539987,-122.43148364720408,3142,0,0,1,0,0,0,0,0
29,1,Tacolicious,37.76094037094425,-122.4214506875055,3194,0,0,0,0,0,1,0,0
31,1,Taqueria Cancún,37.76041434416447,-122.41924383532758,3198,0,0,0,0,0,1,0,0
174,1,Waller St Steps,37.77011471921248,-122.43889600038528,3215,0,0,0,0,0,0,1,0
27,1,Pizzeria Delfina,37.761528004962244,-122.4242371423357,3216,0,0,0,1,0,0,0,0
8,1,Delfina,37.76152767594501,-122.42427237470002,3217,0,0,0,1,0,0,0,0
54,1,Garibaldi's,37.788386561967066,-122.44712996863429,3222,0,0,0,1,0,0,0,0
2,1,Lyon Street Steps,37.79354365639975,-122.44655907154083,3225,0,0,0,0,0,0,1,0
124,1,Prairie,37.76014792239044,-122.41992975067319,3241,0,0,0,1,0,0,0,0
2,1,flour + water,37.75906211575193,-122.41233362890493,3258,0,0,0,1,0,0,0,0
68,1,Agua Vista Park,37.76614132377395,-122.38613426685333,3268,0,0,0,0,0,0,1,0
22,1,San Jalisco,37.75876703677013,-122.41683124630434,3334,0,0,0,0,0,1,0,0
158,1,Beaver Street Wall,37.76542260841748,-122.43549628282813,3364,0,0,0,0,0,0,1,0
96,1,Bonita Taqueria Y Rotisserie,37.764101,-122.433413,3364,0,0,0,0,0,1,0,0
237,1,Taco Boys,37.763905,-122.433779,3401,0,0,0,0,0,1,0,0
3,1,Cafe Ethiopia,37.758922674566,-122.42134662714794,3406,0,1,0,0,0,0,0,0
141,1,Tacos Club,37.76378281691178,-122.43374924954384,3410,0,0,0,0,0,1,0,0
137,1,Papalote Mexican Grill,37.77588157851198,-122.44609044993082,3422,0,0,0,0,0,1,0,0
38,1,Buena Vista Park,37.768497022617865,-122.44062775550447,3447,0,0,0,0,0,0,1,0
142,1,The Wave Organ,37.80857602162009,-122.440167313174,3450,0,0,0,0,0,0,1,0
162,1,Mission Curry House,37.757971000000005,-122.419302,3463,0,0,1,0,0,0,0,0
70,1,Tacorgasmico,37.763183401471984,-122.43391513824461,3473,0,0,0,0,0,1,0,0
20,1,Mission Dolores Park,37.75998998481965,-122.4271184206009,3474,1,0,0,0,0,0,0,0
30,1,Mission Dolores Park,37.75998998481965,-122.4271184206009,3474,0,0,0,0,0,0,1,0
11,1,Buena Vista Park Summit,37.767875091258176,-122.4414987623464,3550,0,0,0,0,0,0,1,0
44,1,Top of Potrero Hill,37.75730833758727,-122.3999085244793,3573,0,0,0,0,0,0,1,0
26,1,Señor Sisig,37.75715,-122.421304,3595,0,0,0,0,0,1,0,0
32,1,Corona Heights Park,37.7650225313372,-122.43883066273017,3595,0,0,0,0,0,0,1,0
36,1,Palace of Fine Arts Lagoon,37.802501824698986,-122.44722973327524,3596,0,0,0,0,1,0,0,0
19,1,Kasa Indian Eatery,37.76104350446926,-122.43293051337922,3619,0,0,1,0,0,0,0,0
10,1,Corona Heights Summit,37.76499750972105,-122.43924241317987,3622,0,0,0,0,0,0,1,0
14,1,El Metate,37.75575030581972,-122.40950503383962,3624,0,0,0,0,0,1,0,0
4,1,Udupi Palace,37.75676871020177,-122.42108520192178,3631,0,0,1,0,0,0,0,0
17,1,The Panhandle,37.77237695730286,-122.44657516479494,3635,0,0,0,0,1,0,0,0
135,1,The Cove on Castro,37.76196562256068,-122.43515377829809,3646,1,0,0,0,0,0,0,0
24,1,Aslam's Rasoi,37.756324939417965,-122.42103702638165,3678,0,0,1,0,0,0,0,0
122,1,Poesia Osteria Italiana,37.761012432501495,-122.43434717636492,3691,0,0,0,1,0,0,0,0
13,1,Bhoga,37.761407,-122.435188,3698,0,0,1,0,0,0,0,0
6,1,Californios,37.7554,-122.417087,3707,0,0,0,0,0,1,0,0
175,1,La Tortilla,37.76105311481648,-122.43505514792086,3723,0,0,0,0,0,1,0,0
45,1,Sociale,37.78689578253514,-122.45307962677398,3749,0,0,0,1,0,0,0,0
267,1,Magic Flute Ristorante,37.78732916317867,-122.45314856832933,3753,0,0,0,1,0,0,0,0
205,1,Cava 22,37.7553512937153,-122.41981609148984,3758,0,0,0,0,0,1,0,0
112,1,Aditi Indian Cuisine,37.755207,-122.42085,3794,0,0,1,0,0,0,0,0
129,1,El Gallo Giro (Taco Truck),37.75418299033416,-122.41317588014323,3805,0,0,0,0,0,1,0,0
159,1,Cumberland stairs,37.758613915342174,-122.43203460875223,3809,0,0,0,0,0,0,1,0
38,1,Piccino Cafe,37.75773795347156,-122.39014525841264,3844,0,0,0,1,0,0,0,0
15,1,Marcella's Lasagneria & Cucina,37.7579958294458,-122.38923528445224,3857,0,0,0,1,0,0,0,0
29,1,Deccan Spice,37.754616205482,-122.42096669378383,3861,0,0,1,0,0,0,0,0
42,1,Vulcan Stairway,37.76346753677887,-122.44115442037582,3862,0,0,0,0,0,0,1,0
160,1,The Lita Vietor View,37.80690551866833,-122.44787496096055,3885,0,0,0,0,0,0,1,0
90,1,Saturn Street Steps Park,37.76275719646505,-122.44059652090073,3885,0,0,0,0,0,0,1,0
113,1,Tom & Jerry's Christmas House,37.75648917800093,-122.42902713833887,3898,0,0,0,0,0,0,1,0
67,1,Velvet Cantina,37.75374747949143,-122.41953331039318,3927,0,0,0,0,0,1,0,0
101,1,The Presidio Of San Francisco,37.806677,-122.448637,3929,1,0,0,0,0,0,0,0
7,1,Beretta,37.7538556,-122.4206327,3936,0,0,0,1,0,0,0,0
164,1,Taqueria San Francisco,37.752941352422155,-122.4081526644468,3941,0,0,0,0,0,1,0,0
28,1,La Palma Mexicatessen Molino y Tortilleria,37.75284649319716,-122.4100604157201,3946,0,0,0,0,0,1,0,0
161,1,Wind Turbines at Crissy Field,37.805974948628624,-122.44940818404777,3947,0,0,0,0,0,0,1,0
19,1,Taquerias El Farolito,37.752742962481975,-122.41115413285166,3958,0,0,0,0,0,1,0,0
110,1,Street Taco,37.7697357054948,-122.44889167748397,3959,0,0,0,0,0,1,0,0
162,1,The Sanchez Throne,37.75589684090051,-122.42935256226352,3970,0,0,0,0,0,0,1,0
88,1,Starr King Open Space,37.75350921443473,-122.40018295639216,3977,0,0,0,0,0,0,1,0
112,1,Taqueria Vallarta,37.752556423200794,-122.41258783623695,3983,0,0,0,0,0,1,0,0
92,1,Taqueria Guadalajara,37.752460382072776,-122.41500089356448,4009,0,0,0,0,0,1,0,0
27,1,Ritu Indian Soul Food,37.75237,-122.414479,4014,0,0,1,0,0,0,0,0
7,1,Om Indian Cuisine,37.769686854208565,-122.44967848373926,4021,0,0,1,0,0,0,0,0
5,1,Taqueria El Farolito,37.752654,-122.418313,4027,0,0,0,0,0,1,0,0
37,1,Barzotto,37.75246680918282,-122.42082049877277,4090,0,0,0,1,0,0,0,0
177,1,Pancho's Mexican Grill,37.781342426906534,-122.45620578706296,4094,0,0,0,0,0,1,0,0
17,1,Papalote Mexican Grill,37.7519528215759,-122.42096543312073,4149,0,0,0,0,0,1,0,0
65,1,Mount Olympus,37.763306385544766,-122.44554251432419,4153,0,0,0,0,0,0,1,0
71,1,La Traviata,37.7512874341159,-122.41841286461101,4178,0,0,0,1,0,0,0,0
254,1,Fiore Caffè,37.751968877131816,-122.42280097884655,4186,0,0,0,1,0,0,0,0
27,1,La Taqueria,37.750949,-122.418129,4211,0,0,0,0,0,1,0,0
23,1,Besharam,37.75421505426467,-122.38971859386444,4211,0,0,1,0,0,0,0,0
8,1,Inspiration Point,37.79220658139526,-122.45831688465272,4228,0,0,0,0,0,0,1,0
197,1,Ecology Trail,37.79311144033848,-122.45820446200487,4230,0,0,0,0,0,0,1,0
10,1,East Beach,37.80612209172951,-122.45320558547974,4248,1,0,0,0,0,0,0,0
5,1,Golden Gate Promenade,37.80547970041795,-122.45395845658027,4274,0,0,0,0,0,0,1,0
89,1,Douglass Steps,37.75736758449066,-122.4395462360707,4288,0,0,0,0,0,0,1,0
13,1,Padrecito,37.76574435901804,-122.45006486882085,4292,0,0,0,0,0,1,0,0
35,1,Kite Hill Open Space,37.758289882870194,-122.44143521277012,4309,0,0,0,0,0,0,1,0
204,1,Noe’s Cantina,37.751729639888396,-122.42735794752306,4332,0,0,0,0,0,1,0,0
163,1,Corbett Slope,37.76015557078295,-122.44462485145546,4339,0,0,0,0,0,0,1,0
57,1,Star India,37.7812078988996,-122.4593669859706,4371,0,0,1,0,0,0,0,0
23,1,Tacos El Patron,37.749268,-122.416113,4372,0,0,0,0,0,1,0,0
37,1,Alvord Lake,37.769057913877674,-122.45391975521774,4379,0,0,0,0,1,0,0,0
60,1,Arguello Restaurant,37.797661216666064,-122.45895326429721,4387,0,0,0,0,0,1,0,0
78,1,22nd Street Jungle Stairs,37.7543816767982,-122.43614387925199,4398,0,0,0,0,0,0,1,0
130,1,Mescolanza,37.78134658031404,-122.45992168890297,4416,0,0,0,1,0,0,0,0
102,1,Clipper Cove Beach,37.81329306633966,-122.37089395523071,4458,1,0,0,0,0,0,0,0
130,1,Warm Water Cove Park,37.754363215506096,-122.38336199175986,4469,1,0,0,0,0,0,0,0
103,1,Toxic Beach,37.754333609884796,-122.38307201318975,4485,1,0,0,0,0,0,0,0
75,1,Giorgio's Pizzeria,37.78309095009425,-122.46109832636017,4489,0,0,0,1,0,0,0,0
112,1,Francisca's,37.748320652399165,-122.41797152633359,4498,0,0,0,1,0,0,0,0
38,1,Crissy Field Marsh,37.80527578397067,-122.4569218326942,4499,0,0,0,0,1,0,0,0
19,1,Bella Trattoria Italiana,37.781315310240394,-122.46103951859854,4513,0,0,0,1,0,0,0,0
74,1,Yerba Buena Island,37.80999813154709,-122.36632412676066,4575,0,0,0,0,0,0,1,0
223,1,Los Yaquis,37.746896,-122.413836,4618,0,0,0,0,0,1,0,0
71,1,Pemberton Steps,37.758293558681466,-122.44692653417586,4629,0,0,0,0,0,0,1,0
29,1,Lupa Trattoria,37.75125633871735,-122.43448585803482,4632,0,0,0,1,0,0,0,0
38,1,The Little Chihuahua,37.751221384508725,-122.43463813052745,4642,0,0,0,0,0,1,0,0
234,1,bon appetikka,37.751248,-122.435607,4679,0,0,1,0,0,0,0,0
64,1,Ristorante Bacco,37.75141,-122.43612,4684,0,0,0,1,0,0,0,0
150,1,Hokali,37.769166445593704,-122.45817638933659,4704,1,0,0,0,0,0,0,0
202,1,Taco Bell,37.781088730552945,-122.46428786046154,4799,0,0,0,0,0,1,0,0
164,1,Yerba Buena Island Vista Point,37.809967,-122.362848,4835,0,0,0,0,0,0,1,0
48,1,Taqueria Cancun,37.745431596973155,-122.41999669073275,4844,0,0,0,0,0,1,0,0
112,1,Lake District,37.78704151179793,-122.46564008499463,4852,0,0,0,0,1,0,0,0
30,1,Emmy's Spaghetti Shack,37.74502182026873,-122.4203463391657,4894,0,0,0,1,0,0,0,0
56,1,Twin Peaks Reservoir,37.756202659943916,-122.4485492706299,4896,0,0,0,0,1,0,0,0
36,1,Presidio of San Francisco,37.79923865734214,-122.4647283554077,4923,0,0,0,0,0,0,1,0
37,1,Twin Peaks Summit,37.75457824954849,-122.44688093662262,4933,0,0,0,0,0,0,1,0
165,1,Portola Drive Lookout,37.75298341033597,-122.44457129843651,4944,0,0,0,0,0,0,1,0
40,1,Lily Pond - Golden Gate Park,37.770860989544204,-122.46220704891903,4946,0,0,0,0,1,0,0,0
105,1,Treasure Island Secret Beach,37.81209806594886,-122.36279377315411,4962,1,0,0,0,0,0,0,0
20,1,Coleridge Mini Park,37.74378561915743,-122.41954487872388,5018,0,0,0,0,0,0,1,0
73,1,Twin Peaks Summit (North/Eureka Peak),37.75315314996302,-122.44729936122896,5078,0,0,0,0,0,0,1,0
53,1,Taqueria La Alteña,37.743274044900836,-122.42155163920445,5105,0,0,0,0,0,1,0,0
166,1,The Pteradactyl's Nest,37.77345810428892,-122.46561735813472,5123,0,0,0,0,0,0,1,0
40,1,Crissy Field,37.804341954682855,-122.46535062789917,5144,0,0,0,0,0,0,1,0
24,1,Crissy Field,37.804341954682855,-122.46535062789917,5144,1,0,0,0,0,0,0,0
108,1,Clay Oven,37.743773814808236,-122.4266849709492,5157,0,0,1,0,0,0,0,0
5,1,Mountain Lake Park,37.787303073558135,-122.46913934392096,5159,0,0,0,0,1,0,0,0
48,1,Keeva Indian Kitchen,37.78283621635868,-122.46896842633957,5179,0,0,1,0,0,0,0,0
167,1,Market St Overlook,37.749355012661866,-122.44374080020863,5229,0,0,0,0,0,0,1,0
108,1,Sutro Tower,37.75536,-122.45289,5230,0,0,0,0,0,0,1,0
63,1,Twin Peaks Summit (South/Noe Peak),37.751579570617366,-122.44768023490906,5235,0,0,0,0,0,0,1,0
33,1,El Buen Comer,37.741745,-122.422223,5284,0,0,0,0,0,1,0,0
102,1,Ardiana,37.74248738572593,-122.42650722060347,5290,0,0,0,1,0,0,0,0
72,1,Treasure Island,37.824090595823414,-122.37070083618163,5303,0,0,0,0,0,0,1,0
41,1,Mountain Lake,37.78797115949144,-122.47106909751894,5328,0,0,0,0,1,0,0,0
14,1,La Ciccia,37.74200800946477,-122.42653101682663,5342,0,0,0,1,0,0,0,0
39,1,Zante Pizza and Indian Cuisine,37.741121840040776,-122.422623110012,5359,0,0,1,0,0,0,0,0
9,1,Tilak,37.74096435219035,-122.42274758108385,5378,0,0,1,0,0,0,0,0
168,1,City view place,37.748057017500756,-122.44441975842673,5383,0,0,0,0,0,0,1,0
6,1,Hamon Education Tower Observation Deck,37.77205414758087,-122.46837464962785,5403,0,0,0,0,0,0,1,0
93,1,Tikka Masala,37.76240951070901,-122.46287844139303,5435,0,0,1,0,0,0,0,0
12,1,West Beach Crissy Field,37.80663387318886,-122.46835470199584,5483,1,0,0,0,0,0,0,0
150,1,Naan N Curry,37.76416933734092,-122.46493208243936,5491,0,0,1,0,0,0,0,0
36,1,Little Nepal,37.73897123189891,-122.41368458026369,5498,0,0,1,0,0,0,0,0
57,1,Vega,37.7391742135669,-122.41743951497574,5502,0,0,0,1,0,0,0,0
68,1,VinoRosso,37.73901245660888,-122.41534272358848,5503,0,0,0,1,0,0,0,0
100,1,Tacos Los Altos,37.73895157202308,-122.41499929126603,5507,0,0,0,0,0,1,0,0
132,1,Pasquale's Pizza,37.76418726305658,-122.4654362149471,5528,0,0,0,1,0,0,0,0
15,1,Nopalito,37.76543949054888,-122.46629476547241,5529,0,0,0,0,0,1,0,0
19,1,Crissy Field Overlook,37.80500841455532,-122.46981112973964,5538,0,0,0,0,0,0,1,0
27,1,West Bluff Picnic Area and Beach,37.80664385016496,-122.46917251169155,5550,0,0,0,0,0,0,1,0
200,1,Gordo Taqueria,37.76523478243696,-122.4664776538243,5554,0,0,0,0,0,1,0,0
42,1,Koi Pond,37.770280804235725,-122.46982713746732,5591,0,0,0,0,1,0,0,0
22,1,Billy Goat Hill Park,37.740717353674626,-122.43244860765093,5638,0,0,0,0,0,0,1,0
43,1,Waterfowl Pond,37.768214,-122.469689,5667,0,0,0,0,1,0,0,0
60,1,Masala Dosa,37.762705020549,-122.46626094003464,5673,0,0,1,0,0,0,0,0
164,1,Rose Indian Cuisine,37.762457,-122.466096,5675,0,0,1,0,0,0,0,0
1,1,New Eritrea Restaurant & Bar,37.76393818133379,-122.46766258023246,5714,0,1,0,0,0,0,0,0
75,1,Crissy Field Fishing Pier,37.808541273286345,-122.4706733797899,5752,0,0,0,0,0,0,1,0
92,1,Lobos Valley Overlook,37.787979638314894,-122.47589707374573,5753,1,0,0,0,0,0,0,0
24,1,Lobos Valley Overlook,37.787979638314894,-122.47589707374573,5753,0,0,0,0,0,0,1,0
62,1,El Huarache Loco,37.73596600561219,-122.40967686409942,5826,0,0,0,0,0,1,0,0
165,1,Grill N Curry,37.763808,-122.469049,5828,0,0,1,0,0,0,0,0
97,1,Golden Gate Park Chinese Pavilion,37.7684786779139,-122.47337367752381,5955,0,0,0,0,0,0,1,0
8,1,Golden Gate Park Chinese Pavilion,37.7684786779139,-122.47337367752381,5955,0,0,0,0,0,0,0,1
0,1,Huntington Falls,37.768829615754555,-122.47371639675822,5969,0,0,0,0,0,0,0,1
151,1,Parking Baker Beach,37.79414823197996,-122.4781483776165,5986,1,0,0,0,0,0,0,0
9,1,Immigrant Point Overlook,37.796177092605056,-122.47785677936717,5989,0,0,0,0,0,0,1,0
99,1,Gordo Taqueria,37.7804416228081,-122.47813718879675,6014,0,0,0,0,0,1,0,0
3,1,Stow Lake,37.769529936552026,-122.47484404565844,6034,0,0,0,0,0,0,0,1
0,1,Stow Lake,37.769529936552026,-122.47484404565844,6034,0,0,0,0,1,0,0,0
106,1,Carmel By The Sea,37.80736384386495,-122.47491037756765,6050,1,0,0,0,0,0,0,0
128,1,Battery Godfrey,37.803397017309756,-122.4770108662386,6087,0,0,0,0,0,0,1,0
7,1,Golden Gate Overlook,37.80410459983463,-122.47678756713866,6090,0,0,0,0,0,0,1,0
13,1,Pacific Overlook,37.80088926627841,-122.47788849511707,6091,0,0,0,0,0,0,1,0
26,1,Strawberry Hill,37.76844396383533,-122.47538575501751,6121,0,0,0,0,1,0,0,0
51,1,Strawberry Hill,37.76844396383533,-122.47538575501751,6121,0,0,0,0,0,0,1,0
44,1,Laguna Honda Reservoir,37.74839962027423,-122.4592161800663,6172,0,0,0,0,1,0,0,0
77,1,Stow Lake Boat House,37.77063483611997,-122.47701639378465,6173,0,0,0,0,1,0,0,0
39,1,Bay Area,37.808200275900326,-122.4760656515639,6178,0,0,0,0,0,0,1,0
2,1,Marshall's Beach,37.801898032470135,-122.47890126992444,6204,1,0,0,0,0,0,0,0
169,1,Coastal Trail,37.80685956450674,-122.47703433036804,6206,0,0,0,0,0,0,1,0
1,1,Prayerbook Falls,37.77139016410644,-122.47783437618061,6216,0,0,0,0,0,0,0,1
31,1,Batteries To Bluffs Trail,37.80001434735277,-122.47975409030914,6230,1,0,0,0,0,0,0,0
122,1,Sand Ladder,37.79640456848644,-122.48070872916443,6241,1,0,0,0,0,0,0,0
148,1,Battery Crosby,37.798351465987956,-122.48044203411625,6253,0,0,0,0,0,0,1,0
72,1,Manzoni,37.73467816914885,-122.43389799980405,6314,0,0,0,1,0,0,0,0
178,1,15th Ave Steps,37.76109969748347,-122.47351009405432,6317,0,0,0,0,0,0,1,0
45,1,Spreckles Lake,37.76559827606509,-122.47740332128038,6406,0,0,0,0,1,0,0,0
49,1,Hidden Garden Mosaic Steps,37.759606171811136,-122.47362792491913,6407,0,0,0,0,0,0,1,0
54,1,Tommy's Mexican Restaurant,37.77999916404445,-122.48315962854485,6458,0,0,0,0,0,1,0,0
0,1,Baker Beach,37.793355016553285,-122.48373985290527,6467,1,0,0,0,0,0,0,0
125,1,The Taco Shop at Underdog's,37.76361351739218,-122.47756614573072,6509,0,0,0,0,0,1,0,0
179,1,Aerial Staircase,37.75292820669177,-122.46980203394553,6537,0,0,0,0,0,0,1,0
26,1,Fiorella,37.78188735290587,-122.48450964689253,6550,0,0,0,1,0,0,0,0
34,1,Lloyd Lake,37.7706977768871,-122.48161017894743,6556,0,0,0,0,1,0,0,0
116,1,Noori Pakistani & Indian Cuisine,37.76370762360676,-122.47871946561116,6597,0,0,1,0,0,0,0,0
12,1,Golden Gate Heights Mosaic Stairway,37.756222,-122.473625,6603,0,0,0,0,0,0,1,0
1,1,Golden Gate Park,37.76973638665379,-122.48204941686708,6625,0,0,0,0,1,0,0,0
10,1,Golden Gate Park,37.76973638665379,-122.48204941686708,6625,0,0,0,0,0,0,0,1
41,1,Golden Gate Park,37.76973638665379,-122.48204941686708,6625,1,0,0,0,0,0,0,0
32,1,Portals of the Past at Lloyd Lake,37.770759,-122.482512,6629,0,0,0,0,1,0,0,0
54,1,Golden Gate Heights Park,37.7503220430415,-122.4686528820759,6637,0,0,0,0,0,0,1,0
145,1,India Clay Oven,37.782139112271736,-122.48556292180825,6639,0,0,1,0,0,0,0,0
67,1,Seacliff,37.788259438943115,-122.48640060424805,6677,0,0,0,0,0,0,1,0
180,1,Edgehill Mountain,37.74145564817923,-122.45791464319146,6678,0,0,0,0,0,0,1,0
46,1,Elk Glen Lake,37.76684520609777,-122.48196343017594,6726,0,0,0,0,1,0,0,0
124,1,Mt. Davidson Cross,37.73834821373442,-122.45466802563172,6784,0,0,0,0,0,0,1,0
235,1,Taco Bell,37.72891693924547,-122.4308249431192,6848,0,0,0,0,0,1,0,0
141,1,Quintara Stairs,37.7488246658239,-122.47124344110489,6919,0,0,0,0,0,0,1,0
3,1,China Beach,37.788089862931265,-122.49118566513062,7098,1,0,0,0,0,0,0,0
47,1,Mallard Lake,37.76646734690438,-122.48681627272792,7141,0,0,0,0,1,0,0,0
114,1,GOLDEN GATE PARK SEGWAY RENTALS,37.7758367,-122.4907133,7192,1,0,0,0,0,0,0,0
212,1,A Desi Cafe,37.7540670765659,-122.47986664215696,7195,0,0,1,0,0,0,0,0
48,1,John McLaren Park,37.72434572226247,-122.42319189072175,7206,0,0,0,0,1,0,0,0
138,1,Spiazzo Ristorante,37.74049906835031,-122.46611414213069,7229,0,0,0,1,0,0,0,0
14,1,Roti Indian Bistro,37.74027348582191,-122.4663416193992,7261,0,0,1,0,0,0,0,0
71,1,El Toreador,37.740331993774404,-122.46655701002925,7269,0,0,0,0,0,1,0,0
97,1,Mozzarella di Bufala,37.7399885325088,-122.46653686048079,7296,0,0,0,1,0,0,0,0
49,1,Metson Lake,37.767203602481075,-122.48937249183655,7326,0,0,0,0,1,0,0,0
206,1,El Chico Produce Market #2,37.72460108131988,-122.43492645333833,7409,0,0,0,0,0,1,0,0
88,1,Trattoria Da Vittorio,37.739295412112625,-122.46759110305597,7416,0,0,0,1,0,0,0,0
14,1,Eagles Point,37.786713525391306,-122.49481025151098,7419,0,0,0,0,0,0,1,0
23,1,John McLaren Park Reservoir,37.72196964301879,-122.42253377247239,7459,0,0,0,0,1,0,0,0
99,1,Moore Road Pier,37.83130755511133,-122.4769131668496,7552,0,0,0,0,0,0,1,0
119,1,Gold Mirror Italian Restaurant,37.74317478584935,-122.47480898704109,7567,0,0,0,1,0,0,0,0
179,1,Chino's Taqueria,37.7759245537461,-122.49560414813048,7613,0,0,0,0,0,1,0,0
50,1,Spreckels Lake,37.770601638002034,-122.49410064001667,7614,0,0,0,0,1,0,0,0
170,1,Fort Baker jetty,37.83199596842217,-122.4778303729093,7663,0,0,0,0,0,0,1,0
81,1,Blue Tower,37.720357064869596,-122.42572477791916,7681,0,0,0,0,0,0,1,0
50,1,Battery Spencer,37.8279832835221,-122.48217612504958,7697,0,0,0,0,0,0,1,0
113,1,Clay Oven Indian Restaurant,37.736739482014684,-122.4703264867101,7788,0,0,1,0,0,0,0,0
51,1,Sunset Reservoir,37.750594081183735,-122.48529080212008,7805,0,0,0,0,1,0,0,0
15,1,Vista Point,37.83228741007175,-122.47986491828075,7822,0,0,0,0,0,0,1,0
3,1,Taquerias El Farolito,37.72122961664814,-122.43739536867459,7832,0,0,0,0,0,1,0,0
87,1,Taqueria Guadalajara,37.7212324569519,-122.43763599260711,7838,0,0,0,0,0,1,0,0
18,1,Battery Golden Gate Lookout,37.82972391485144,-122.48331469882349,7891,0,0,0,0,0,0,1,0
16,1,Conzelman Road Lookout,37.82874651498068,-122.48605143091181,8026,0,0,0,0,0,0,1,0
171,1,The View at Monterey,37.72824037441679,-122.46203615126224,8079,0,0,0,0,0,0,1,0
107,1,Quarry Beach,37.860772333839314,-122.41992891102126,8110,1,0,0,0,0,0,0,0
106,1,El Burrito Express,37.742703852785574,-122.48320198159512,8166,0,0,0,0,0,1,0,0
144,1,Little Joe's Pizza,37.718478,-122.439856,8190,0,0,0,1,0,0,0,0
13,1,Kirby Cove,37.82719226278575,-122.49000549316408,8224,1,0,0,0,0,0,0,0
66,1,Kirby Cove,37.82719226278575,-122.49000549316408,8224,0,0,0,0,0,0,1,0
52,1,Middle Lake,37.766095777604654,-122.49977634589084,8234,0,0,0,0,1,0,0,0
39,1,Chain of Lakes,37.76703885854222,-122.50043950460162,8259,0,0,0,0,1,0,0,0
53,1,South Lake,37.76482805980789,-122.50012450474016,8307,0,0,0,0,1,0,0,0
227,1,Sunset Cantina,37.760824,-122.498785,8348,0,0,0,0,0,1,0,0
54,1,North Lake,37.77072321929914,-122.50281572341919,8354,0,0,0,0,1,0,0,0
256,1,Villa D' Este,37.73162687060106,-122.47376221175591,8414,0,0,0,1,0,0,0,0
11,1,Mile Rock Beach,37.787268336058766,-122.50629425554153,8428,1,0,0,0,0,0,0,0
138,1,Outer Sunset,37.75445488995902,-122.49622837511524,8432,1,0,0,0,0,0,0,0
126,1,Ristorante Marcello,37.74259737134165,-122.48868254878488,8556,0,0,0,1,0,0,0,0
