,Cluster Labels,venue_lat,venue_lng,distance,Beach,Ethiopian_restaurant,Indian_restaurant,Italian_restaurant,Lake,Mexican_restaurant,Scenic_lookout,Thai_restaurant,Waterfall
160,1,37.78451863796338,-122.40626465144256,562,0,0,0,0,0,0,1,0,0
111,1,37.78768,-122.403878,586,0,0,0,0,0,0,1,0,0
26,1,37.78914610393464,-122.40244687451936,714,0,0,0,0,0,0,1,0,0
41,1,37.78668646696816,-122.40207041076984,763,0,0,0,0,0,0,1,0,0
177,1,37.790118607033016,-122.4020983473183,766,0,0,0,0,0,0,1,0,0
2,1,37.784809,-122.402549,800,0,0,0,0,0,0,0,0,1
59,1,37.78437337616783,-122.40284915341124,802,0,0,0,0,0,0,1,0,0
148,1,37.79253978836316,-122.40048581096002,999,0,0,0,0,0,0,1,0,0
78,1,37.796897,-122.414488,1019,0,0,0,0,0,0,1,0,0
179,1,37.79642703413752,-122.40431614281337,1055,0,0,1,0,0,0,0,0,0
179,1,37.79642703413752,-122.40431614281337,1055,1,0,0,0,0,0,0,0,0
179,1,37.79642703413752,-122.40431614281337,1055,0,1,0,0,0,0,0,0,0
179,1,37.79642703413752,-122.40431614281337,1055,0,0,0,0,0,0,0,1,0
179,1,37.79642703413752,-122.40431614281337,1055,0,0,0,1,0,0,0,0,0
179,1,37.79642703413752,-122.40431614281337,1055,0,0,0,0,0,1,0,0,0
114,1,37.798486810991726,-122.40975956234908,1135,0,0,0,0,0,0,1,0,0
177,1,37.78722038033328,-122.39763905462681,1137,0,0,1,0,0,0,0,0,0
177,1,37.78722038033328,-122.39763905462681,1137,0,0,0,0,0,1,0,0,0
177,1,37.78722038033328,-122.39763905462681,1137,0,0,0,0,0,0,0,1,0
177,1,37.78722038033328,-122.39763905462681,1137,0,0,0,1,0,0,0,0,0
177,1,37.78722038033328,-122.39763905462681,1137,1,0,0,0,0,0,0,0,0
177,1,37.78722038033328,-122.39763905462681,1137,0,1,0,0,0,0,0,0,0
71,1,37.79813384627597,-122.40637986504598,1153,1,0,0,0,0,0,0,0,0
71,1,37.79813384627597,-122.40637986504598,1153,0,0,1,0,0,0,0,0,0
71,1,37.79813384627597,-122.40637986504598,1153,0,0,0,1,0,0,0,0,0
71,1,37.79813384627597,-122.40637986504598,1153,0,0,0,0,0,0,0,1,0
71,1,37.79813384627597,-122.40637986504598,1153,0,1,0,0,0,0,0,0,0
71,1,37.79813384627597,-122.40637986504598,1153,0,0,0,0,0,1,0,0,0
117,1,37.79855296729771,-122.40731847728442,1175,0,1,0,0,0,0,0,0,0
117,1,37.79855296729771,-122.40731847728442,1175,0,0,1,0,0,0,0,0,0
117,1,37.79855296729771,-122.40731847728442,1175,0,0,0,1,0,0,0,0,0
117,1,37.79855296729771,-122.40731847728442,1175,0,0,0,0,0,1,0,0,0
117,1,37.79855296729771,-122.40731847728442,1175,1,0,0,0,0,0,0,0,0
117,1,37.79855296729771,-122.40731847728442,1175,0,0,0,0,0,0,0,1,0
76,1,37.799034844291626,-122.4083890485705,1209,1,0,0,0,0,0,0,0,0
76,1,37.799034844291626,-122.4083890485705,1209,0,0,0,0,0,1,0,0,0
76,1,37.799034844291626,-122.4083890485705,1209,0,1,0,0,0,0,0,0,0
76,1,37.799034844291626,-122.4083890485705,1209,0,0,0,1,0,0,0,0,0
76,1,37.799034844291626,-122.4083890485705,1209,0,0,0,0,0,0,0,1,0
76,1,37.799034844291626,-122.4083890485705,1209,0,0,1,0,0,0,0,0,0
48,1,37.798813592765626,-122.4057012610922,1244,0,0,0,0,0,0,1,0,0
62,1,37.799624753044924,-122.40835693948438,1274,0,0,1,0,0,0,0,0,0
62,1,37.799624753044924,-122.40835693948438,1274,0,0,0,1,0,0,0,0,0
62,1,37.799624753044924,-122.40835693948438,1274,0,0,0,0,0,0,0,1,0
62,1,37.799624753044924,-122.40835693948438,1274,1,0,0,0,0,0,0,0,0
62,1,37.799624753044924,-122.40835693948438,1274,0,1,0,0,0,0,0,0,0
62,1,37.799624753044924,-122.40835693948438,1274,0,0,0,0,0,1,0,0,0
17,1,37.799172725859854,-122.40412419910872,1333,0,0,0,0,0,0,1,0,0
174,1,37.80038714317991,-122.40914575479546,1350,0,1,0,0,0,0,0,0,0
174,1,37.80038714317991,-122.40914575479546,1350,0,0,0,1,0,0,0,0,0
174,1,37.80038714317991,-122.40914575479546,1350,0,0,1,0,0,0,0,0,0
174,1,37.80038714317991,-122.40914575479546,1350,1,0,0,0,0,0,0,0,0
174,1,37.80038714317991,-122.40914575479546,1350,0,0,0,0,0,0,0,1,0
174,1,37.80038714317991,-122.40914575479546,1350,0,0,0,0,0,1,0,0,0
4,1,37.80017577512871,-122.40428237095915,1430,0,0,0,0,0,0,1,0,0
161,1,37.775681609581746,-122.41671708790727,1507,0,0,0,0,0,0,1,0,0
16,1,37.7950241332574,-122.39560822440582,1508,0,0,0,0,0,0,0,0,1
23,1,37.791246594951375,-122.42808063995858,1580,0,0,0,0,0,0,1,0,0
58,1,37.78377397892649,-122.39344630652968,1582,0,0,0,0,0,0,1,0,0
1,1,37.796621918043336,-122.395442269084,1616,0,0,0,0,0,0,1,0,0
33,1,37.802398123661035,-122.40583930386968,1622,0,0,0,0,0,0,1,0,0
175,1,37.78234640506517,-122.39258776252451,1709,0,0,0,0,0,1,0,0,0
175,1,37.78234640506517,-122.39258776252451,1709,0,0,1,0,0,0,0,0,0
175,1,37.78234640506517,-122.39258776252451,1709,0,0,0,1,0,0,0,0,0
175,1,37.78234640506517,-122.39258776252451,1709,0,0,0,0,0,0,0,1,0
175,1,37.78234640506517,-122.39258776252451,1709,1,0,0,0,0,0,0,0,0
175,1,37.78234640506517,-122.39258776252451,1709,0,1,0,0,0,0,0,0,0
29,1,37.802118215911136,-122.41902189526232,1711,0,0,0,0,0,0,1,0,0
150,1,37.80382372230624,-122.41322481588632,1744,1,0,0,0,0,0,0,0,0
150,1,37.80382372230624,-122.41322481588632,1744,0,0,0,0,0,0,0,1,0
150,1,37.80382372230624,-122.41322481588632,1744,0,0,1,0,0,0,0,0,0
150,1,37.80382372230624,-122.41322481588632,1744,0,1,0,0,0,0,0,0,0
150,1,37.80382372230624,-122.41322481588632,1744,0,0,0,1,0,0,0,0,0
150,1,37.80382372230624,-122.41322481588632,1744,0,0,0,0,0,1,0,0,0
162,1,37.80112244318658,-122.39857878039643,1771,0,0,0,0,0,0,1,0,0
47,1,37.79265952005808,-122.39097080519072,1785,0,0,0,0,0,0,1,0,0
28,1,37.79374887658869,-122.3910886143392,1812,0,0,0,0,0,0,1,0,0
44,1,37.79114136918512,-122.39018134976637,1815,0,0,0,0,0,0,1,0,0
142,1,37.77737244366497,-122.39514999003865,1817,0,0,0,1,0,0,0,0,0
142,1,37.77737244366497,-122.39514999003865,1817,0,0,0,0,0,0,0,1,0
142,1,37.77737244366497,-122.39514999003865,1817,0,0,0,0,0,1,0,0,0
142,1,37.77737244366497,-122.39514999003865,1817,0,1,0,0,0,0,0,0,0
142,1,37.77737244366497,-122.39514999003865,1817,1,0,0,0,0,0,0,0,0
142,1,37.77737244366497,-122.39514999003865,1817,0,0,1,0,0,0,0,0,0
155,1,37.80468840577923,-122.41296128912155,1837,1,0,0,0,0,0,0,0,0
155,1,37.80468840577923,-122.41296128912155,1837,0,0,0,1,0,0,0,0,0
155,1,37.80468840577923,-122.41296128912155,1837,0,0,0,0,0,1,0,0,0
155,1,37.80468840577923,-122.41296128912155,1837,0,0,0,0,0,0,0,1,0
155,1,37.80468840577923,-122.41296128912155,1837,0,1,0,0,0,0,0,0,0
155,1,37.80468840577923,-122.41296128912155,1837,0,0,1,0,0,0,0,0,0
34,1,37.79154065815569,-122.39001274108887,1838,0,0,0,0,0,0,1,0,0
31,1,37.80006187146774,-122.39442793827594,1926,0,0,0,0,0,0,1,0,0
103,1,37.80350744703899,-122.42164649034832,1956,0,0,0,0,0,0,1,0,0
76,1,37.78939347293482,-122.38823955602722,1962,0,0,0,0,0,0,1,0,0
154,1,37.78195322437456,-122.3895306315394,1975,0,1,0,0,0,0,0,0,0
154,1,37.78195322437456,-122.3895306315394,1975,0,0,1,0,0,0,0,0,0
154,1,37.78195322437456,-122.3895306315394,1975,0,0,0,0,0,0,0,1,0
154,1,37.78195322437456,-122.3895306315394,1975,1,0,0,0,0,0,0,0,0
154,1,37.78195322437456,-122.3895306315394,1975,0,0,0,1,0,0,0,0,0
154,1,37.78195322437456,-122.3895306315394,1975,0,0,0,0,0,1,0,0,0
169,1,37.78239522452592,-122.3892519486836,1981,1,0,0,0,0,0,0,0,0
169,1,37.78239522452592,-122.3892519486836,1981,0,0,0,1,0,0,0,0,0
169,1,37.78239522452592,-122.3892519486836,1981,0,0,0,0,0,1,0,0,0
169,1,37.78239522452592,-122.3892519486836,1981,0,0,0,0,0,0,0,1,0
169,1,37.78239522452592,-122.3892519486836,1981,0,1,0,0,0,0,0,0,0
169,1,37.78239522452592,-122.3892519486836,1981,0,0,1,0,0,0,0,0,0
62,1,37.78439626788962,-122.38780250919531,2043,0,0,0,0,0,0,1,0,0
97,1,37.771692,-122.397977,2152,0,0,1,0,0,0,0,0,0
97,1,37.771692,-122.397977,2152,0,0,0,0,0,0,0,1,0
97,1,37.771692,-122.397977,2152,0,1,0,0,0,0,0,0,0
97,1,37.771692,-122.397977,2152,0,0,0,1,0,0,0,0,0
97,1,37.771692,-122.397977,2152,0,0,0,0,0,1,0,0,0
97,1,37.771692,-122.397977,2152,1,0,0,0,0,0,0,0,0
3,1,37.79070705517322,-122.3861658090027,2157,0,0,0,0,0,0,1,0,0
165,1,37.77992121386115,-122.38774326797153,2208,0,0,0,0,0,0,0,1,0
165,1,37.77992121386115,-122.38774326797153,2208,0,0,1,0,0,0,0,0,0
165,1,37.77992121386115,-122.38774326797153,2208,0,0,0,0,0,1,0,0,0
165,1,37.77992121386115,-122.38774326797153,2208,1,0,0,0,0,0,0,0,0
165,1,37.77992121386115,-122.38774326797153,2208,0,1,0,0,0,0,0,0,0
165,1,37.77992121386115,-122.38774326797153,2208,0,0,0,1,0,0,0,0,0
176,1,37.80634592585518,-122.42275001733996,2279,0,0,0,0,0,1,0,0,0
176,1,37.80634592585518,-122.42275001733996,2279,0,0,0,0,0,0,0,1,0
176,1,37.80634592585518,-122.42275001733996,2279,0,0,1,0,0,0,0,0,0
176,1,37.80634592585518,-122.42275001733996,2279,0,1,0,0,0,0,0,0,0
176,1,37.80634592585518,-122.42275001733996,2279,0,0,0,1,0,0,0,0,0
176,1,37.80634592585518,-122.42275001733996,2279,1,0,0,0,0,0,0,0,0
14,1,37.80671490887718,-122.42289324933841,2321,0,0,0,1,0,0,0,0,0
14,1,37.80671490887718,-122.42289324933841,2321,0,0,0,0,0,1,0,0,0
14,1,37.80671490887718,-122.42289324933841,2321,0,1,0,0,0,0,0,0,0
14,1,37.80671490887718,-122.42289324933841,2321,0,0,0,0,0,0,0,1,0
14,1,37.80671490887718,-122.42289324933841,2321,1,0,0,0,0,0,0,0,0
14,1,37.80671490887718,-122.42289324933841,2321,0,0,1,0,0,0,0,0,0
164,1,37.80880771718759,-122.41563030758492,2327,0,0,0,1,0,0,0,0,0
164,1,37.80880771718759,-122.41563030758492,2327,1,0,0,0,0,0,0,0,0
164,1,37.80880771718759,-122.41563030758492,2327,0,0,0,0,0,0,0,1,0
164,1,37.80880771718759,-122.41563030758492,2327,0,0,1,0,0,0,0,0,0
164,1,37.80880771718759,-122.41563030758492,2327,0,1,0,0,0,0,0,0,0
164,1,37.80880771718759,-122.41563030758492,2327,0,0,0,0,0,1,0,0,0
98,1,37.806841418144046,-122.42331437843707,2351,0,1,0,0,0,0,0,0,0
98,1,37.806841418144046,-122.42331437843707,2351,0,0,0,0,0,1,0,0,0
98,1,37.806841418144046,-122.42331437843707,2351,0,0,0,1,0,0,0,0,0
98,1,37.806841418144046,-122.42331437843707,2351,0,0,1,0,0,0,0,0,0
98,1,37.806841418144046,-122.42331437843707,2351,0,0,0,0,0,0,0,1,0
98,1,37.806841418144046,-122.42331437843707,2351,1,0,0,0,0,0,0,0,0
9,1,37.80733425573182,-122.42254257202148,2368,0,0,0,0,0,1,0,0,0
9,1,37.80733425573182,-122.42254257202148,2368,0,0,1,0,0,0,0,0,0
9,1,37.80733425573182,-122.42254257202148,2368,1,0,0,0,0,0,0,0,0
9,1,37.80733425573182,-122.42254257202148,2368,0,1,0,0,0,0,0,0,0
9,1,37.80733425573182,-122.42254257202148,2368,0,0,0,1,0,0,0,0,0
9,1,37.80733425573182,-122.42254257202148,2368,0,0,0,0,0,0,0,1,0
0,1,37.8110018095408,-122.41075076252426,2527,0,0,0,0,0,0,1,0,0
54,1,37.80498194040014,-122.43005487797149,2531,0,0,0,0,0,0,1,0,0
123,1,37.8110504,-122.4104181,2532,0,0,1,0,0,0,0,0,0
123,1,37.8110504,-122.4104181,2532,1,0,0,0,0,0,0,0,0
123,1,37.8110504,-122.4104181,2532,0,0,0,1,0,0,0,0,0
123,1,37.8110504,-122.4104181,2532,0,0,0,0,0,1,0,0,0
123,1,37.8110504,-122.4104181,2532,0,0,0,0,0,0,0,1,0
123,1,37.8110504,-122.4104181,2532,0,1,0,0,0,0,0,0,0
99,1,37.804084525970694,-122.43278298882494,2632,0,0,0,0,0,0,0,1,0
99,1,37.804084525970694,-122.43278298882494,2632,0,0,1,0,0,0,0,0,0
99,1,37.804084525970694,-122.43278298882494,2632,0,0,0,1,0,0,0,0,0
99,1,37.804084525970694,-122.43278298882494,2632,0,0,0,0,0,1,0,0,0
99,1,37.804084525970694,-122.43278298882494,2632,0,1,0,0,0,0,0,0,0
99,1,37.804084525970694,-122.43278298882494,2632,1,0,0,0,0,0,0,0,0
105,1,37.807783514259285,-122.42842197418213,2681,0,0,0,0,0,0,1,0,0
163,1,37.807321,-122.429529,2699,0,0,0,0,0,0,1,0,0
42,1,37.810496182905986,-122.42446721131131,2759,0,0,0,0,0,0,1,0,0
70,1,37.810491241769874,-122.42514962985862,2786,0,0,0,0,0,0,1,0,0
84,1,37.793342965241536,-122.44165983824956,2798,0,0,0,0,0,0,1,0,0
130,1,37.77972063024766,-122.44206540753626,2936,0,0,0,0,0,0,1,0,0
179,1,37.77011471921248,-122.43889600038528,3215,0,0,0,0,0,0,1,0,0
2,1,37.79354365639975,-122.44655907154083,3225,0,0,0,0,0,0,1,0,0
68,1,37.76614132377395,-122.38613426685333,3268,0,0,0,0,0,0,1,0,0
164,1,37.7762511062032,-122.44442694473481,3272,0,0,0,0,0,0,1,0,0
165,1,37.76542260841748,-122.43549628282813,3364,0,0,0,0,0,0,1,0,0
38,1,37.768497022617865,-122.44062775550447,3447,0,0,0,0,0,0,1,0,0
146,1,37.80857602162009,-122.440167313174,3450,0,0,0,0,0,0,1,0,0
20,1,37.75998998481965,-122.4271184206009,3474,0,1,0,0,0,0,0,0,0
20,1,37.75998998481965,-122.4271184206009,3474,0,0,0,0,0,0,0,1,0
20,1,37.75998998481965,-122.4271184206009,3474,1,0,0,0,0,0,0,0,0
20,1,37.75998998481965,-122.4271184206009,3474,0,0,1,0,0,0,0,0,0
30,1,37.75998998481965,-122.4271184206009,3474,0,0,0,0,0,0,1,0,0
20,1,37.75998998481965,-122.4271184206009,3474,0,0,0,1,0,0,0,0,0
20,1,37.75998998481965,-122.4271184206009,3474,0,0,0,0,0,1,0,0,0
11,1,37.767875091258176,-122.4414987623464,3550,0,0,0,0,0,0,1,0,0
45,1,37.75730833758727,-122.3999085244793,3573,0,0,0,0,0,0,1,0,0
32,1,37.7650225313372,-122.43883066273017,3595,0,0,0,0,0,0,1,0,0
36,1,37.802501824698986,-122.44722973327524,3596,0,0,0,0,1,0,0,0,0
10,1,37.76499750972105,-122.43924241317987,3622,0,0,0,0,0,0,1,0,0
17,1,37.77237695730286,-122.44657516479494,3635,0,0,0,0,1,0,0,0,0
135,1,37.76196562256068,-122.43515377829809,3646,1,0,0,0,0,0,0,0,0
135,1,37.76196562256068,-122.43515377829809,3646,0,1,0,0,0,0,0,0,0
135,1,37.76196562256068,-122.43515377829809,3646,0,0,0,0,0,0,0,1,0
135,1,37.76196562256068,-122.43515377829809,3646,0,0,0,1,0,0,0,0,0
135,1,37.76196562256068,-122.43515377829809,3646,0,0,0,0,0,1,0,0,0
135,1,37.76196562256068,-122.43515377829809,3646,0,0,1,0,0,0,0,0,0
166,1,37.758613915342174,-122.43203460875223,3809,0,0,0,0,0,0,1,0,0
43,1,37.76346753677887,-122.44115442037582,3862,0,0,0,0,0,0,1,0,0
93,1,37.76275719646505,-122.44059652090073,3885,0,0,0,0,0,0,1,0,0
100,1,37.806677,-122.448637,3929,0,0,0,0,0,1,0,0,0
100,1,37.806677,-122.448637,3929,0,0,1,0,0,0,0,0,0
100,1,37.806677,-122.448637,3929,0,0,0,0,0,0,0,1,0
100,1,37.806677,-122.448637,3929,0,1,0,0,0,0,0,0,0
100,1,37.806677,-122.448637,3929,0,0,0,1,0,0,0,0,0
100,1,37.806677,-122.448637,3929,1,0,0,0,0,0,0,0,0
167,1,37.805974948628624,-122.44940818404777,3947,0,0,0,0,0,0,1,0,0
168,1,37.75589684090051,-122.42935256226352,3970,0,0,0,0,0,0,1,0,0
89,1,37.75350921443473,-122.40018295639216,3977,0,0,0,0,0,0,1,0,0
54,1,37.805742057813774,-122.45134884694589,4084,0,1,0,0,0,0,0,0,0
54,1,37.805742057813774,-122.45134884694589,4084,0,0,1,0,0,0,0,0,0
54,1,37.805742057813774,-122.45134884694589,4084,0,0,0,1,0,0,0,0,0
54,1,37.805742057813774,-122.45134884694589,4084,0,0,0,0,0,0,0,1,0
54,1,37.805742057813774,-122.45134884694589,4084,0,0,0,0,0,1,0,0,0
54,1,37.805742057813774,-122.45134884694589,4084,1,0,0,0,0,0,0,0,0
66,1,37.763306385544766,-122.44554251432419,4153,0,0,0,0,0,0,1,0,0
8,1,37.79220658139526,-122.45831688465272,4228,0,0,0,0,0,0,1,0,0
200,1,37.79311144033848,-122.45820446200487,4230,0,0,0,0,0,0,1,0,0
10,1,37.80612209172951,-122.45320558547974,4248,0,0,0,0,0,1,0,0,0
10,1,37.80612209172951,-122.45320558547974,4248,0,0,0,1,0,0,0,0,0
10,1,37.80612209172951,-122.45320558547974,4248,1,0,0,0,0,0,0,0,0
10,1,37.80612209172951,-122.45320558547974,4248,0,1,0,0,0,0,0,0,0
10,1,37.80612209172951,-122.45320558547974,4248,0,0,1,0,0,0,0,0,0
10,1,37.80612209172951,-122.45320558547974,4248,0,0,0,0,0,0,0,1,0
5,1,37.80547970041795,-122.45395845658027,4274,0,0,0,0,0,0,1,0,0
90,1,37.75736758449066,-122.4395462360707,4288,0,0,0,0,0,0,1,0,0
35,1,37.758289882870194,-122.44143521277012,4309,0,0,0,0,0,0,1,0,0
92,1,37.76111384571172,-122.44556665420534,4321,0,0,0,0,0,0,1,0,0
169,1,37.76015557078295,-122.44462485145546,4339,0,0,0,0,0,0,1,0,0
37,1,37.769057913877674,-122.45391975521774,4379,0,0,0,0,1,0,0,0,0
77,1,37.7543816767982,-122.43614387925199,4398,0,0,0,0,0,0,1,0,0
101,1,37.81329306633966,-122.37089395523071,4458,0,1,0,0,0,0,0,0,0
101,1,37.81329306633966,-122.37089395523071,4458,0,0,1,0,0,0,0,0,0
101,1,37.81329306633966,-122.37089395523071,4458,0,0,0,1,0,0,0,0,0
101,1,37.81329306633966,-122.37089395523071,4458,1,0,0,0,0,0,0,0,0
101,1,37.81329306633966,-122.37089395523071,4458,0,0,0,0,0,1,0,0,0
101,1,37.81329306633966,-122.37089395523071,4458,0,0,0,0,0,0,0,1,0
130,1,37.754363215506096,-122.38336199175986,4469,0,0,0,1,0,0,0,0,0
130,1,37.754363215506096,-122.38336199175986,4469,0,0,1,0,0,0,0,0,0
130,1,37.754363215506096,-122.38336199175986,4469,0,0,0,0,0,0,0,1,0
130,1,37.754363215506096,-122.38336199175986,4469,1,0,0,0,0,0,0,0,0
130,1,37.754363215506096,-122.38336199175986,4469,0,0,0,0,0,1,0,0,0
130,1,37.754363215506096,-122.38336199175986,4469,0,1,0,0,0,0,0,0,0
102,1,37.754333609884796,-122.38307201318975,4485,0,0,1,0,0,0,0,0,0
102,1,37.754333609884796,-122.38307201318975,4485,0,0,0,1,0,0,0,0,0
102,1,37.754333609884796,-122.38307201318975,4485,1,0,0,0,0,0,0,0,0
102,1,37.754333609884796,-122.38307201318975,4485,0,0,0,0,0,0,0,1,0
102,1,37.754333609884796,-122.38307201318975,4485,0,1,0,0,0,0,0,0,0
102,1,37.754333609884796,-122.38307201318975,4485,0,0,0,0,0,1,0,0,0
38,1,37.80527578397067,-122.4569218326942,4499,0,0,0,0,1,0,0,0,0
74,1,37.80999813154709,-122.36632412676066,4575,0,0,0,0,0,0,1,0,0
71,1,37.758293558681466,-122.44692653417586,4629,0,0,0,0,0,0,1,0,0
152,1,37.769166445593704,-122.45817638933659,4704,0,0,0,0,0,0,0,1,0
152,1,37.769166445593704,-122.45817638933659,4704,0,0,0,1,0,0,0,0,0
152,1,37.769166445593704,-122.45817638933659,4704,0,0,1,0,0,0,0,0,0
152,1,37.769166445593704,-122.45817638933659,4704,1,0,0,0,0,0,0,0,0
152,1,37.769166445593704,-122.45817638933659,4704,0,1,0,0,0,0,0,0,0
152,1,37.769166445593704,-122.45817638933659,4704,0,0,0,0,0,1,0,0,0
112,1,37.78704151179793,-122.46564008499463,4852,0,0,0,0,1,0,0,0,0
56,1,37.756202659943916,-122.4485492706299,4896,0,0,0,0,1,0,0,0,0
36,1,37.79923865734214,-122.4647283554077,4923,0,0,0,0,0,0,1,0,0
37,1,37.75457824954849,-122.44688093662262,4933,0,0,0,0,0,0,1,0,0
170,1,37.75298341033597,-122.44457129843651,4944,0,0,0,0,0,0,1,0,0
40,1,37.770860989544204,-122.46220704891903,4946,0,0,0,0,1,0,0,0,0
104,1,37.81209806594886,-122.36279377315411,4962,0,0,0,0,0,1,0,0,0
104,1,37.81209806594886,-122.36279377315411,4962,0,1,0,0,0,0,0,0,0
104,1,37.81209806594886,-122.36279377315411,4962,0,0,0,0,0,0,0,1,0
104,1,37.81209806594886,-122.36279377315411,4962,1,0,0,0,0,0,0,0,0
104,1,37.81209806594886,-122.36279377315411,4962,0,0,1,0,0,0,0,0,0
104,1,37.81209806594886,-122.36279377315411,4962,0,0,0,1,0,0,0,0,0
171,1,37.743298974907646,-122.40839152923758,5012,0,0,0,0,0,0,1,0,0
20,1,37.74378561915743,-122.41954487872388,5018,0,0,0,0,0,0,1,0,0
73,1,37.75315314996302,-122.44729936122896,5078,0,0,0,0,0,0,1,0,0
24,1,37.804341954682855,-122.46535062789917,5144,0,0,1,0,0,0,0,0,0
24,1,37.804341954682855,-122.46535062789917,5144,1,0,0,0,0,0,0,0,0
24,1,37.804341954682855,-122.46535062789917,5144,0,0,0,0,0,0,0,1,0
24,1,37.804341954682855,-122.46535062789917,5144,0,1,0,0,0,0,0,0,0
24,1,37.804341954682855,-122.46535062789917,5144,0,0,0,0,0,1,0,0,0
24,1,37.804341954682855,-122.46535062789917,5144,0,0,0,1,0,0,0,0,0
40,1,37.804341954682855,-122.46535062789917,5144,0,0,0,0,0,0,1,0,0
5,1,37.787303073558135,-122.46913934392096,5159,0,0,0,0,1,0,0,0,0
172,1,37.749355012661866,-122.44374080020863,5229,0,0,0,0,0,0,1,0,0
113,1,37.75536,-122.45289,5230,0,0,0,0,0,0,1,0,0
64,1,37.751579570617366,-122.44768023490906,5235,0,0,0,0,0,0,1,0,0
72,1,37.824090595823414,-122.37070083618163,5303,0,0,0,0,0,0,1,0,0
41,1,37.78797115949144,-122.47106909751894,5328,0,0,0,0,1,0,0,0,0
85,1,37.769801627279755,-122.46648467196364,5338,0,0,0,0,0,0,1,0,0
173,1,37.748057017500756,-122.44441975842673,5383,0,0,0,0,0,0,1,0,0
6,1,37.77205414758087,-122.46837464962785,5403,0,0,0,0,0,0,1,0,0
12,1,37.80663387318886,-122.46835470199584,5483,0,0,0,1,0,0,0,0,0
12,1,37.80663387318886,-122.46835470199584,5483,1,0,0,0,0,0,0,0,0
12,1,37.80663387318886,-122.46835470199584,5483,0,1,0,0,0,0,0,0,0
12,1,37.80663387318886,-122.46835470199584,5483,0,0,0,0,0,1,0,0,0
12,1,37.80663387318886,-122.46835470199584,5483,0,0,0,0,0,0,0,1,0
12,1,37.80663387318886,-122.46835470199584,5483,0,0,1,0,0,0,0,0,0
19,1,37.80500841455532,-122.46981112973964,5538,0,0,0,0,0,0,1,0,0
27,1,37.80664385016496,-122.46917251169155,5550,0,0,0,0,0,0,1,0,0
42,1,37.770280804235725,-122.46982713746732,5591,0,0,0,0,1,0,0,0,0
22,1,37.740717353674626,-122.43244860765093,5638,0,0,0,0,0,0,1,0,0
43,1,37.768214,-122.469689,5667,0,0,0,0,1,0,0,0,0
75,1,37.808541273286345,-122.4706733797899,5752,0,0,0,0,0,0,1,0,0
92,1,37.787979638314894,-122.47589707374573,5753,0,0,0,0,0,0,0,1,0
92,1,37.787979638314894,-122.47589707374573,5753,0,0,0,0,0,1,0,0,0
24,1,37.787979638314894,-122.47589707374573,5753,0,0,0,0,0,0,1,0,0
92,1,37.787979638314894,-122.47589707374573,5753,0,1,0,0,0,0,0,0,0
92,1,37.787979638314894,-122.47589707374573,5753,1,0,0,0,0,0,0,0,0
92,1,37.787979638314894,-122.47589707374573,5753,0,0,1,0,0,0,0,0,0
92,1,37.787979638314894,-122.47589707374573,5753,0,0,0,1,0,0,0,0,0
100,1,37.7684786779139,-122.47337367752381,5955,0,0,0,0,0,0,1,0,0
8,1,37.7684786779139,-122.47337367752381,5955,0,0,0,0,0,0,0,0,1
0,1,37.768829615754555,-122.47371639675822,5969,0,0,0,0,0,0,0,0,1
153,1,37.79414823197996,-122.4781483776165,5986,0,0,1,0,0,0,0,0,0
153,1,37.79414823197996,-122.4781483776165,5986,1,0,0,0,0,0,0,0,0
153,1,37.79414823197996,-122.4781483776165,5986,0,0,0,0,0,1,0,0,0
153,1,37.79414823197996,-122.4781483776165,5986,0,1,0,0,0,0,0,0,0
153,1,37.79414823197996,-122.4781483776165,5986,0,0,0,1,0,0,0,0,0
153,1,37.79414823197996,-122.4781483776165,5986,0,0,0,0,0,0,0,1,0
9,1,37.796177092605056,-122.47785677936717,5989,0,0,0,0,0,0,1,0,0
3,1,37.769529936552026,-122.47484404565844,6034,0,0,0,0,0,0,0,0,1
0,1,37.769529936552026,-122.47484404565844,6034,0,0,0,0,1,0,0,0,0
105,1,37.80736384386495,-122.47491037756765,6050,0,0,1,0,0,0,0,0,0
105,1,37.80736384386495,-122.47491037756765,6050,0,0,0,0,0,1,0,0,0
105,1,37.80736384386495,-122.47491037756765,6050,0,0,0,0,0,0,0,1,0
105,1,37.80736384386495,-122.47491037756765,6050,0,1,0,0,0,0,0,0,0
105,1,37.80736384386495,-122.47491037756765,6050,0,0,0,1,0,0,0,0,0
105,1,37.80736384386495,-122.47491037756765,6050,1,0,0,0,0,0,0,0,0
91,1,37.807744365548366,-122.47484957331918,6060,0,0,0,0,0,0,1,0,0
131,1,37.803397017309756,-122.4770108662386,6087,0,0,0,0,0,0,1,0,0
7,1,37.80410459983463,-122.47678756713866,6090,0,0,0,0,0,0,1,0,0
13,1,37.80088926627841,-122.47788849511707,6091,0,0,0,0,0,0,1,0,0
26,1,37.76844396383533,-122.47538575501751,6121,0,0,0,0,1,0,0,0,0
52,1,37.76844396383533,-122.47538575501751,6121,0,0,0,0,0,0,1,0,0
44,1,37.74839962027423,-122.4592161800663,6172,0,0,0,0,1,0,0,0,0
77,1,37.77063483611997,-122.47701639378465,6173,0,0,0,0,1,0,0,0,0
39,1,37.808200275900326,-122.4760656515639,6178,0,0,0,0,0,0,1,0,0
2,1,37.801898032470135,-122.47890126992444,6204,0,1,0,0,0,0,0,0,0
2,1,37.801898032470135,-122.47890126992444,6204,1,0,0,0,0,0,0,0,0
2,1,37.801898032470135,-122.47890126992444,6204,0,0,0,1,0,0,0,0,0
2,1,37.801898032470135,-122.47890126992444,6204,0,0,0,0,0,1,0,0,0
2,1,37.801898032470135,-122.47890126992444,6204,0,0,1,0,0,0,0,0,0
2,1,37.801898032470135,-122.47890126992444,6204,0,0,0,0,0,0,0,1,0
1,1,37.77139016410644,-122.47783437618061,6216,0,0,0,0,0,0,0,0,1
31,1,37.80001434735277,-122.47975409030914,6230,0,0,0,0,0,1,0,0,0
31,1,37.80001434735277,-122.47975409030914,6230,0,0,0,0,0,0,0,1,0
31,1,37.80001434735277,-122.47975409030914,6230,0,0,0,1,0,0,0,0,0
31,1,37.80001434735277,-122.47975409030914,6230,0,1,0,0,0,0,0,0,0
31,1,37.80001434735277,-122.47975409030914,6230,0,0,1,0,0,0,0,0,0
31,1,37.80001434735277,-122.47975409030914,6230,1,0,0,0,0,0,0,0,0
122,1,37.79640456848644,-122.48070872916443,6241,0,1,0,0,0,0,0,0,0
122,1,37.79640456848644,-122.48070872916443,6241,0,0,0,0,0,1,0,0,0
122,1,37.79640456848644,-122.48070872916443,6241,1,0,0,0,0,0,0,0,0
122,1,37.79640456848644,-122.48070872916443,6241,0,0,1,0,0,0,0,0,0
122,1,37.79640456848644,-122.48070872916443,6241,0,0,0,1,0,0,0,0,0
122,1,37.79640456848644,-122.48070872916443,6241,0,0,0,0,0,0,0,1,0
151,1,37.798351465987956,-122.48044203411625,6253,0,0,0,0,0,0,1,0,0
183,1,37.76109969748347,-122.47351009405432,6317,0,0,0,0,0,0,1,0,0
109,1,37.793707298361674,-122.48273171982697,6382,0,0,0,0,0,0,1,0,0
45,1,37.76559827606509,-122.47740332128038,6406,0,0,0,0,1,0,0,0,0
50,1,37.759606171811136,-122.47362792491913,6407,0,0,0,0,0,0,1,0,0
0,1,37.793355016553285,-122.48373985290527,6467,0,0,0,0,0,1,0,0,0
0,1,37.793355016553285,-122.48373985290527,6467,0,0,1,0,0,0,0,0,0
0,1,37.793355016553285,-122.48373985290527,6467,0,0,0,1,0,0,0,0,0
0,1,37.793355016553285,-122.48373985290527,6467,1,0,0,0,0,0,0,0,0
0,1,37.793355016553285,-122.48373985290527,6467,0,0,0,0,0,0,0,1,0
0,1,37.793355016553285,-122.48373985290527,6467,0,1,0,0,0,0,0,0,0
34,1,37.7706977768871,-122.48161017894743,6556,0,0,0,0,1,0,0,0,0
184,1,37.75423258059319,-122.47153848409651,6574,0,0,0,0,0,0,1,0,0
12,1,37.756222,-122.473625,6603,0,0,0,0,0,0,1,0,0
40,1,37.76973638665379,-122.48204941686708,6625,0,1,0,0,0,0,0,0,0
40,1,37.76973638665379,-122.48204941686708,6625,0,0,1,0,0,0,0,0,0
40,1,37.76973638665379,-122.48204941686708,6625,0,0,0,0,0,1,0,0,0
10,1,37.76973638665379,-122.48204941686708,6625,0,0,0,0,0,0,0,0,1
40,1,37.76973638665379,-122.48204941686708,6625,1,0,0,0,0,0,0,0,0
1,1,37.76973638665379,-122.48204941686708,6625,0,0,0,0,1,0,0,0,0
40,1,37.76973638665379,-122.48204941686708,6625,0,0,0,0,0,0,0,1,0
40,1,37.76973638665379,-122.48204941686708,6625,0,0,0,1,0,0,0,0,0
32,1,37.770759,-122.482512,6629,0,0,0,0,1,0,0,0,0
55,1,37.7503220430415,-122.4686528820759,6637,0,0,0,0,0,0,1,0,0
185,1,37.74145564817923,-122.45791464319146,6678,0,0,0,0,0,0,1,0,0
46,1,37.76684520609777,-122.48196343017594,6726,0,0,0,0,1,0,0,0,0
126,1,37.73834821373442,-122.45466802563172,6784,0,0,0,0,0,0,1,0,0
144,1,37.7488246658239,-122.47124344110489,6919,0,0,0,0,0,0,1,0,0
3,1,37.788089862931265,-122.49118566513062,7098,0,0,1,0,0,0,0,0,0
3,1,37.788089862931265,-122.49118566513062,7098,0,0,0,0,0,0,0,1,0
3,1,37.788089862931265,-122.49118566513062,7098,0,0,0,1,0,0,0,0,0
3,1,37.788089862931265,-122.49118566513062,7098,0,0,0,0,0,1,0,0,0
3,1,37.788089862931265,-122.49118566513062,7098,0,1,0,0,0,0,0,0,0
3,1,37.788089862931265,-122.49118566513062,7098,1,0,0,0,0,0,0,0,0
47,1,37.76646734690438,-122.48681627272792,7141,0,0,0,0,1,0,0,0,0
114,1,37.7758367,-122.4907133,7192,0,1,0,0,0,0,0,0,0
114,1,37.7758367,-122.4907133,7192,0,0,0,0,0,1,0,0,0
114,1,37.7758367,-122.4907133,7192,0,0,0,1,0,0,0,0,0
114,1,37.7758367,-122.4907133,7192,0,0,0,0,0,0,0,1,0
114,1,37.7758367,-122.4907133,7192,1,0,0,0,0,0,0,0,0
114,1,37.7758367,-122.4907133,7192,0,0,1,0,0,0,0,0,0
48,1,37.72434572226247,-122.42319189072175,7206,0,0,0,0,1,0,0,0,0
49,1,37.767203602481075,-122.48937249183655,7326,0,0,0,0,1,0,0,0,0
14,1,37.786713525391306,-122.49481025151098,7419,0,0,0,0,0,0,1,0,0
23,1,37.72196964301879,-122.42253377247239,7459,0,0,0,0,1,0,0,0,0
102,1,37.83130755511133,-122.4769131668496,7552,0,0,0,0,0,0,1,0,0
50,1,37.770601638002034,-122.49410064001667,7614,0,0,0,0,1,0,0,0,0
174,1,37.83199596842217,-122.4778303729093,7663,0,0,0,0,0,0,1,0,0
80,1,37.720357064869596,-122.42572477791916,7681,0,0,0,0,0,0,1,0,0
51,1,37.8279832835221,-122.48217612504958,7697,0,0,0,0,0,0,1,0,0
